,date,place.name,place.country,periods.tempF,periods.feelslikeF,periods.humidity,Meter,kWh,day,month,year,month_date,season,hypo_temp,hypo_usage
0,2021-01-01,new york,us,39.94,39.94,62,Meter #98271584,65.5,1,1,2021,101.0,winter,49.94,61.972457769784405
1,2021-01-02,new york,us,52.54,52.54,62,Meter #98271584,74.2,2,1,2021,102.0,winter,62.54,48.60057099104411
2,2021-01-03,new york,us,37.8,31.51,86,Meter #98271584,76.46,3,1,2021,103.0,winter,47.8,64.24355600045935
3,2021-01-04,new york,us,44.39,42.7,67,Meter #98271584,59.16,4,1,2021,104.0,winter,54.39,57.24984696300708
4,2021-01-05,new york,us,40.32,40.32,69,Meter #98271584,60.9,5,1,2021,105.0,winter,50.32,61.569178644711286
5,2021-01-06,new york,us,43.2,40.98,50,Meter #98271584,68.1,6,1,2021,106.0,winter,53.2,58.512747380999215
6,2021-01-07,new york,us,42.36,40.92,44,Meter #98271584,69.92,7,1,2021,107.0,winter,52.36,59.4042064995819
7,2021-01-08,new york,us,37.32,34.49,52,Meter #98271584,73.77,8,1,2021,108.0,winter,47.32,64.75296121107803
8,2021-01-09,new york,us,37.15,33.15,44,Meter #98271584,112.7,9,1,2021,109.0,winter,47.15,64.93337555650547
9,2021-01-10,new york,us,39.3,39.3,44,Meter #98271584,112.85,10,1,2021,110.0,winter,49.3,62.65166471727598
10,2021-01-11,new york,us,34.95,34.95,60,Meter #98271584,97.83,11,1,2021,111.0,winter,44.95,67.26814943850775
11,2021-01-12,new york,us,44.5,44.5,48,Meter #98271584,72.88,12,1,2021,112.0,winter,54.5,57.133108268906966
12,2021-01-13,new york,us,43.32,41.75,51,Meter #98271584,69.91,13,1,2021,113.0,winter,53.32,58.38539607834455
13,2021-01-14,new york,us,48.28,48.28,55,Meter #98271584,59.04,14,1,2021,114.0,winter,58.28,53.12154223528487
14,2021-01-15,new york,us,42.84,38.62,80,Meter #98271584,60.03,15,1,2021,115.0,winter,52.84,58.89480128896322
15,2021-01-16,new york,us,45.0,43.2,86,Meter #98271584,67.69,16,1,2021,116.0,winter,55.0,56.60247784117917
16,2021-01-17,new york,us,43.11,38.75,50,Meter #98271584,71.1,17,1,2021,117.0,winter,53.11,58.60826085799022
17,2021-01-18,new york,us,45.16,40.28,51,Meter #98271584,57.77,18,1,2021,118.0,winter,55.16,56.43267610430629
18,2021-01-19,new york,us,43.19,39.5,43,Meter #98271584,60.65,19,1,2021,119.0,winter,53.19,58.523359989553775
19,2021-01-20,new york,us,41.41,38.39,49,Meter #98271584,76.78,20,1,2021,120.0,winter,51.41,60.412404312264705
20,2021-01-21,new york,us,39.3,34.34,49,Meter #98271584,88.05,21,1,2021,121.0,winter,49.3,62.65166471727598
21,2021-01-22,new york,us,44.02,39.17,41,Meter #98271584,64.36,22,1,2021,122.0,winter,54.02,57.64251347952564
22,2021-01-23,new york,us,33.93,28.6,38,Meter #98271584,91.34,23,1,2021,123.0,winter,43.93,68.35063551107244
23,2021-01-24,new york,us,32.33,28.09,35,Meter #98271584,99.53,24,1,2021,124.0,winter,42.33,70.04865287980137
24,2021-01-25,new york,us,36.49,32.66,37,Meter #98271584,83.78,25,1,2021,125.0,winter,46.49,65.63380772110615
25,2021-01-26,new york,us,35.07,30.14,64,Meter #98271584,77.92,26,1,2021,126.0,winter,45.07,67.14079813585307
26,2021-01-27,new york,us,37.89,34.55,62,Meter #98271584,77.89,27,1,2021,127.0,winter,47.89,64.14804252346835
27,2021-01-28,new york,us,36.3,32.42,41,Meter #98271584,89.52,28,1,2021,128.0,winter,46.3,65.83544728364271
28,2021-01-29,new york,us,26.11,19.03,44,Meter #98271584,106.97,29,1,2021,129.0,winter,36.11,76.64969540073507
29,2021-01-30,new york,us,29.43,26.2,48,Meter #98271584,103.83,30,1,2021,130.0,winter,39.43,73.12630936062254
30,2021-01-31,new york,us,25.86,20.22,69,Meter #98271584,96.95,31,1,2021,131.0,winter,35.86,76.91501061459897
31,2021-02-01,new york,us,29.93,21.27,93,Meter #98271584,83.75,1,2,2021,201.0,winter,39.93,72.59567893289476
32,2021-02-02,new york,us,33.9,30.22,88,Meter #98271584,80.28,2,2,2021,202.0,winter,43.9,68.3824733367361
33,2021-02-03,new york,us,37.36,37.36,64,Meter #98271584,85.55,3,2,2021,203.0,winter,47.36,64.71051077685979
34,2021-02-04,new york,us,41.07,38.81,48,Meter #98271584,76.94,4,2,2021,204.0,winter,51.07,60.7732330031196
35,2021-02-05,new york,us,42.29,42.29,78,Meter #98271584,72.42,5,2,2021,205.0,winter,52.29,59.47849475946379
36,2021-02-06,new york,us,43.24,37.2,33,Meter #98271584,79.25,6,2,2021,206.0,winter,53.24,58.47029694678099
37,2021-02-07,new york,us,33.77,28.79,92,Meter #98271584,85.22,7,2,2021,207.0,winter,43.77,68.52043724794532
38,2021-02-08,new york,us,35.17,35.17,37,Meter #98271584,90.04,8,2,2021,208.0,winter,45.17,67.03467205030752
39,2021-02-09,new york,us,33.8,29.18,80,Meter #98271584,87.62,9,2,2021,209.0,winter,43.8,68.48859942228167
40,2021-02-10,new york,us,33.23,29.89,47,Meter #98271584,82.49,10,2,2021,210.0,winter,43.23,69.09351810989135
41,2021-02-11,new york,us,31.15,31.15,74,Meter #98271584,83.17,11,2,2021,211.0,winter,41.15,71.30094068923896
42,2021-02-12,new york,us,29.17,29.17,43,Meter #98271584,86.01,12,2,2021,212.0,winter,39.17,73.402237183041
43,2021-02-13,new york,us,30.74,23.45,54,Meter #98271584,88.94,13,2,2021,213.0,winter,40.739999999999995,71.73605763997574
44,2021-02-14,new york,us,36.23,32.74,69,Meter #98271584,82.21,14,2,2021,214.0,winter,46.23,65.90973554352462
45,2021-02-15,new york,us,36.03,32.51,69,Meter #98271584,72.35,15,2,2021,215.0,winter,46.03,66.12198771461573
46,2021-02-16,new york,us,44.58,41.54,89,Meter #98271584,68.34,16,2,2021,216.0,winter,54.58,57.04820740047052
47,2021-02-17,new york,us,31.33,31.33,40,Meter #98271584,85.17,17,2,2021,217.0,winter,41.33,71.10991373525695
48,2021-02-18,new york,us,28.27,20.68,94,Meter #98271584,81.89,18,2,2021,218.0,winter,38.269999999999996,74.35737195295101
49,2021-02-19,new york,us,33.03,27.23,84,Meter #98271584,73.38,19,2,2021,219.0,winter,43.03,69.30577028098246
50,2021-02-20,new york,us,36.1,33.33,49,Meter #98271584,86.52,20,2,2021,220.0,winter,46.1,66.04769945473383
51,2021-02-21,new york,us,36.16,33.83,40,Meter #98271584,84.7,21,2,2021,221.0,winter,46.16,65.9840238034065
52,2021-02-22,new york,us,34.54,34.54,80,Meter #98271584,75.7,22,2,2021,222.0,winter,44.54,67.70326638924453
53,2021-02-23,new york,us,40.02,36.8,70,Meter #98271584,77.0,23,2,2021,223.0,winter,50.02,61.887556901347956
54,2021-02-24,new york,us,50.62,50.62,46,Meter #98271584,67.75,24,2,2021,224.0,winter,60.62,50.63819183351882
55,2021-02-25,new york,us,48.37,47.45,31,Meter #98271584,67.64,25,2,2021,225.0,winter,58.37,53.026028758293876
56,2021-02-26,new york,us,44.48,42.73,37,Meter #98271584,68.63,26,2,2021,226.0,winter,54.48,57.15433348601608
57,2021-02-27,new york,us,47.43,47.43,96,Meter #98271584,65.86,27,2,2021,227.0,winter,57.43,54.02361396242212
58,2021-02-28,new york,us,43.93,40.14,63,Meter #98271584,69.73,28,2,2021,228.0,winter,53.93,57.73802695651665
59,2021-03-01,new york,us,44.39,42.51,93,Meter #98271584,69.1,1,3,2021,301.0,winter,54.39,57.24984696300708
60,2021-03-02,new york,us,33.28,28.89,33,Meter #98271584,96.36,2,3,2021,302.0,winter,43.28,69.04045506711856
61,2021-03-03,new york,us,46.72,43.66,35,Meter #98271584,72.07,3,3,2021,303.0,winter,56.72,54.77710916979558
62,2021-03-04,new york,us,43.05,40.81,45,Meter #98271584,68.66,4,3,2021,304.0,winter,53.05,58.67193650931756
63,2021-03-05,new york,us,37.44,33.24,25,Meter #98271584,91.77,5,3,2021,305.0,winter,47.44,64.62560990842336
64,2021-03-06,new york,us,35.13,31.47,41,Meter #98271584,90.01,6,3,2021,306.0,winter,45.13,67.07712248452574
65,2021-03-07,new york,us,38.43,34.3,36,Meter #98271584,89.62,7,3,2021,307.0,winter,48.43,63.57496166152233
66,2021-03-08,new york,us,38.5,38.5,30,Meter #98271584,73.83,8,3,2021,308.0,winter,48.5,63.50067340164044
67,2021-03-09,new york,us,60.18,60.18,31,Meter #98271584,58.54,9,3,2021,309.0,winter,70.18,40.49253805536347
68,2021-03-10,new york,us,52.68,52.68,53,Meter #98271584,57.19,10,3,2021,310.0,winter,62.68,48.45199447128033
69,2021-03-11,new york,us,65.1,65.1,38,Meter #98271584,50.29,11,3,2021,311.0,winter,75.1,35.27113464652204
70,2021-03-12,new york,us,63.82,63.82,27,Meter #98271584,46.84,12,3,2021,312.0,winter,73.82,36.62954854150517
71,2021-03-13,new york,us,45.25,42.28,23,Meter #98271584,53.64,13,3,2021,313.0,winter,55.25,56.33716262731528
72,2021-03-14,new york,us,52.36,52.36,28,Meter #98271584,40.45,14,3,2021,314.0,winter,62.36,48.79159794502611
73,2021-03-15,new york,us,34.33,30.11,25,Meter #98271584,71.88,15,3,2021,315.0,winter,44.33,67.92613116889021
74,2021-03-16,new york,us,34.2,34.2,38,Meter #98271584,68.08,16,3,2021,316.0,winter,44.2,68.06409508009943
75,2021-03-17,new york,us,42.7,42.7,74,Meter #98271584,54.71,17,3,2021,317.0,winter,52.7,59.043377808727
76,2021-03-18,new york,us,44.96,43.14,92,Meter #98271584,49.77,18,3,2021,318.0,winter,54.96,56.6449282753974
77,2021-03-19,new york,us,39.17,35.62,34,Meter #98271584,58.06,19,3,2021,319.0,winter,49.17,62.789628628485204
78,2021-03-20,new york,us,47.81,47.81,39,Meter #98271584,61.57,20,3,2021,320.0,winter,57.81,53.62033483734899
79,2021-03-21,new york,us,56.86,56.86,25,Meter #98271584,54.3,21,3,2021,321.0,spring,66.86,52.92311555757786
80,2021-03-22,new york,us,56.6,56.6,34,Meter #98271584,51.04,22,3,2021,322.0,spring,66.6,52.86568263865906
81,2021-03-23,new york,us,53.78,53.78,65,Meter #98271584,52.09,23,3,2021,323.0,spring,63.78,52.242756364232065
82,2021-03-24,new york,us,54.95,54.95,72,Meter #98271584,49.19,24,3,2021,324.0,spring,64.95,52.501204499366665
83,2021-03-25,new york,us,54.99,54.99,96,Meter #98271584,48.8,25,3,2021,325.0,spring,64.99000000000001,52.51004033304648
84,2021-03-26,new york,us,66.34,66.34,83,Meter #98271584,41.17,26,3,2021,326.0,spring,76.34,55.01720813969416
85,2021-03-27,new york,us,60.95,60.95,48,Meter #98271584,42.61,27,3,2021,327.0,spring,70.95,53.82657955133901
86,2021-03-28,new york,us,53.14,53.14,93,Meter #98271584,46.83,28,3,2021,328.0,spring,63.14,52.10138302535501
87,2021-03-29,new york,us,51.27,51.27,38,Meter #98271584,45.98,29,3,2021,329.0,spring,61.27,51.68830780082363
88,2021-03-30,new york,us,55.42,55.42,42,Meter #98271584,47.55,30,3,2021,330.0,spring,65.42,52.6050255451045
89,2021-03-31,new york,us,60.39,60.39,75,Meter #98271584,45.76,31,3,2021,331.0,spring,70.39,53.70287787982159
90,2021-04-01,new york,us,43.22,41.0,74,Meter #98271584,47.57,1,4,2021,401.0,spring,53.22,49.91009627276074
91,2021-04-02,new york,us,36.23,32.62,41,Meter #98271584,51.02,2,4,2021,402.0,spring,46.23,48.36603433721296
92,2021-04-03,new york,us,46.39,46.39,22,Meter #98271584,54.83,3,4,2021,403.0,spring,56.39,50.610336091886126
93,2021-04-04,new york,us,53.64,53.64,34,Meter #98271584,44.8,4,4,2021,404.0,spring,63.64,52.211830946352705
94,2021-04-05,new york,us,61.56,61.56,20,Meter #98271584,40.56,5,4,2021,405.0,spring,71.56,53.9613260149562
95,2021-04-06,new york,us,61.22,61.22,20,Meter #98271584,39.39,6,4,2021,406.0,spring,71.22,53.886221428677764
96,2021-04-07,new york,us,61.56,61.56,37,Meter #98271584,40.86,7,4,2021,407.0,spring,71.56,53.9613260149562
97,2021-04-08,new york,us,62.81,62.81,46,Meter #98271584,40.44,8,4,2021,408.0,spring,72.81,54.237445817450435
98,2021-04-09,new york,us,53.79,53.79,70,Meter #98271584,41.37,9,4,2021,409.0,spring,63.79,52.244965322652014
99,2021-04-10,new york,us,55.84,55.84,82,Meter #98271584,39.52,10,4,2021,410.0,spring,65.84,52.69780179874257
100,2021-04-11,new york,us,55.97,55.97,97,Meter #98271584,39.77,11,4,2021,411.0,spring,65.97,52.72651825820196
101,2021-04-12,new york,us,48.88,45.67,69,Meter #98271584,43.57,12,4,2021,412.0,spring,58.88,51.16036673845465
102,2021-04-13,new york,us,55.59,55.59,52,Meter #98271584,39.62,13,4,2021,413.0,spring,65.59,52.64257783824372
103,2021-04-14,new york,us,64.21,64.21,51,Meter #98271584,31.72,14,4,2021,414.0,spring,74.21,54.54669999624398
104,2021-04-15,new york,us,52.27,52.27,93,Meter #98271584,30.67,15,4,2021,415.0,spring,62.27,51.90920364281902
105,2021-04-16,new york,us,51.01,51.01,53,Meter #98271584,33.8,16,4,2021,416.0,spring,61.01,51.63087488190483
106,2021-04-17,new york,us,52.33,52.33,53,Meter #98271584,33.03,17,4,2021,417.0,spring,62.33,51.922457393338746
107,2021-04-18,new york,us,59.36,59.36,45,Meter #98271584,31.86,18,4,2021,418.0,spring,69.36,53.47535516256634
108,2021-04-19,new york,us,65.17,65.17,39,Meter #98271584,32.18,19,4,2021,419.0,spring,75.17,54.75876000455956
109,2021-04-20,new york,us,68.58,68.58,38,Meter #98271584,32.22,20,4,2021,420.0,spring,78.58,55.51201482576384
110,2021-04-21,new york,us,65.75,65.75,57,Meter #98271584,33.54,21,4,2021,421.0,spring,75.75,54.886879592916884
111,2021-04-22,new york,us,46.24,43.62,31,Meter #98271584,33.41,22,4,2021,422.0,spring,56.24,50.57720171558682
112,2021-04-23,new york,us,55.37,55.37,29,Meter #98271584,33.95,23,4,2021,423.0,spring,65.37,52.59398075300473
113,2021-04-24,new york,us,66.85,66.85,28,Meter #98271584,27.74,24,4,2021,424.0,spring,76.85,55.12986501911181
114,2021-04-25,new york,us,52.2,52.2,80,Meter #98271584,32.94,25,4,2021,425.0,spring,62.2,51.89374093387934
115,2021-04-26,new york,us,54.36,54.36,32,Meter #98271584,30.7,26,4,2021,426.0,spring,64.36,52.37087595258939
116,2021-04-27,new york,us,56.54,56.54,29,Meter #98271584,32.66,27,4,2021,427.0,spring,66.53999999999999,52.852428888139336
117,2021-04-28,new york,us,71.25,71.25,44,Meter #98271584,29.1,28,4,2021,428.0,spring,81.25,56.10180672389153
118,2021-04-29,new york,us,67.8,67.8,67,Meter #98271584,26.29,29,4,2021,429.0,spring,77.8,55.33971606900744
119,2021-04-30,new york,us,66.33,66.33,36,Meter #98271584,26.58,30,4,2021,430.0,spring,76.33,55.014999181274206
120,2021-05-01,new york,us,57.42,57.42,42,Meter #98271584,30.34,1,5,2021,501.0,spring,67.42,53.04681722909528
121,2021-05-02,new york,us,63.37,63.37,45,Meter #98271584,34.83,2,5,2021,502.0,spring,73.37,54.36114748896786
122,2021-05-03,new york,us,62.03,62.03,58,Meter #98271584,26.02,3,5,2021,503.0,spring,72.03,54.06514706069403
123,2021-05-04,new york,us,61.44,61.44,81,Meter #98271584,28.83,4,5,2021,504.0,spring,71.44,53.93481851391675
124,2021-05-05,new york,us,53.92,53.92,91,Meter #98271584,29.64,5,5,2021,505.0,spring,63.92,52.27368178211142
125,2021-05-06,new york,us,62.41,62.41,35,Meter #98271584,33.42,6,5,2021,506.0,spring,72.41,54.14908748065228
126,2021-05-07,new york,us,65.23,65.23,38,Meter #98271584,44.45,7,5,2021,507.0,spring,75.23,54.772013755079286
127,2021-05-08,new york,us,54.16,54.16,65,Meter #98271584,46.35,8,5,2021,508.0,spring,64.16,52.326696784190304
128,2021-05-09,new york,us,62.34,62.34,42,Meter #98271584,49.59,9,5,2021,509.0,spring,72.34,54.133624771712604
129,2021-05-10,new york,us,57.99,57.99,64,Meter #98271584,80.68,10,5,2021,510.0,spring,67.99000000000001,53.172727859032655
130,2021-05-11,new york,us,63.43,63.43,32,Meter #98271584,61.84,11,5,2021,511.0,spring,73.43,54.37440123948758
131,2021-05-12,new york,us,62.48,62.48,39,Meter #98271584,59.2,12,5,2021,512.0,spring,72.47999999999999,54.16455018959195
132,2021-05-13,new york,us,68.72,68.72,27,Meter #98271584,55.61,13,5,2021,513.0,spring,78.72,55.54294024364319
133,2021-05-14,new york,us,72.12,72.12,31,Meter #98271584,47.16,14,5,2021,514.0,spring,82.12,56.293986106427525
134,2021-05-15,new york,us,73.93,73.93,30,Meter #98271584,107.28,15,5,2021,515.0,spring,83.93,56.69380758043918
135,2021-05-16,new york,us,71.6,71.6,34,Meter #98271584,137.89,16,5,2021,516.0,spring,81.6,56.17912026858991
136,2021-05-17,new york,us,74.68,74.68,34,Meter #98271584,45.64,17,5,2021,517.0,spring,84.68,56.85947946193572
137,2021-05-18,new york,us,77.67,77.67,33,Meter #98271584,49.82,18,5,2021,518.0,spring,87.67,57.519958029501936
138,2021-05-19,new york,us,81.36,81.36,29,Meter #98271584,46.19,19,5,2021,519.0,spring,91.36,58.33506368646493
139,2021-05-20,new york,us,73.78,73.78,24,Meter #98271584,54.84,20,5,2021,520.0,spring,83.78,56.66067320413987
140,2021-05-21,new york,us,74.74,74.74,35,Meter #98271584,101.58,21,5,2021,521.0,spring,84.74,56.872733212455444
141,2021-05-22,new york,us,80.11,80.53,46,Meter #98271584,46.26,22,5,2021,522.0,spring,90.11,58.058943883970684
142,2021-05-23,new york,us,86.47,86.88,44,Meter #98271584,45.5,23,5,2021,523.0,spring,96.47,59.46384143906137
143,2021-05-24,new york,us,64.24,64.24,47,Meter #98271584,55.82,24,5,2021,524.0,spring,74.24,54.55332687150384
144,2021-05-25,new york,us,70.25,70.25,50,Meter #98271584,50.1,25,5,2021,525.0,spring,80.25,55.88091088189614
145,2021-05-26,new york,us,78.64,78.64,64,Meter #98271584,48.72,26,5,2021,526.0,spring,88.64,57.73422699623747
146,2021-05-27,new york,us,80.38,80.38,41,Meter #98271584,44.74,27,5,2021,527.0,spring,90.38,58.11858576130945
147,2021-05-28,new york,us,66.79,66.79,37,Meter #98271584,53.69,28,5,2021,528.0,spring,76.79,55.116611268592095
148,2021-05-29,new york,us,50.95,50.95,86,Meter #98271584,60.17,29,5,2021,529.0,spring,60.95,51.61762113138511
149,2021-05-30,new york,us,51.12,51.12,89,Meter #98271584,61.5,30,5,2021,530.0,spring,61.12,51.65517342452432
150,2021-05-31,new york,us,59.23,59.23,67,Meter #98271584,164.2,31,5,2021,531.0,spring,69.22999999999999,53.446638703106935
151,2021-06-01,new york,us,74.39,74.39,40,Meter #98271584,134.33,1,6,2021,601.0,spring,84.39,56.79541966775706
152,2021-06-02,new york,us,72.72,72.72,60,Meter #98271584,55.98,2,6,2021,602.0,spring,82.72,56.42652361162475
153,2021-06-03,new york,us,65.22,65.22,93,Meter #98271584,57.98,3,6,2021,603.0,spring,75.22,54.76980479665933
154,2021-06-04,new york,us,74.46,74.46,76,Meter #98271584,62.2,4,6,2021,604.0,spring,84.46,56.81088237669673
155,2021-06-05,new york,us,84.57,86.07,51,Meter #98271584,82.64,5,6,2021,605.0,spring,94.57,59.04413933927013
156,2021-06-06,new york,us,91.75,93.4,40,Meter #98271584,64.42,6,6,2021,606.0,spring,101.75,60.63017148479703
157,2021-06-07,new york,us,92.0,100.26,53,Meter #98271584,62.38,7,6,2021,607.0,spring,102.0,60.68539544529588
158,2021-06-08,new york,us,89.82,98.35,58,Meter #98271584,63.55,8,6,2021,608.0,spring,99.82,60.203842509745925
159,2021-06-09,new york,us,87.62,92.4,55,Meter #98271584,57.6,9,6,2021,609.0,spring,97.62,59.71787165735607
160,2021-06-10,new york,us,80.88,80.88,42,Meter #98271584,47.03,10,6,2021,610.0,spring,90.88,58.22903368230713
161,2021-06-11,new york,us,69.21,69.21,60,Meter #98271584,36.63,11,6,2021,611.0,spring,79.21,55.65117920622093
162,2021-06-12,new york,us,67.82,67.82,75,Meter #98271584,33.33,12,6,2021,612.0,spring,77.82,55.344133985847336
163,2021-06-13,new york,us,74.35,74.35,61,Meter #98271584,34.63,13,6,2021,613.0,spring,84.35,56.786583834077234
164,2021-06-14,new york,us,67.23,67.23,88,Meter #98271584,43.99,14,6,2021,614.0,spring,77.23,55.21380543907006
165,2021-06-15,new york,us,77.53,77.53,58,Meter #98271584,63.12,15,6,2021,615.0,spring,87.53,57.48903261162258
166,2021-06-16,new york,us,78.21,78.21,29,Meter #98271584,48.86,16,6,2021,616.0,spring,88.21,57.63924178417945
167,2021-06-17,new york,us,76.41,76.41,25,Meter #98271584,44.77,17,6,2021,617.0,spring,86.41,57.241629268587744
168,2021-06-18,new york,us,81.56,81.56,34,Meter #98271584,50.34,18,6,2021,618.0,spring,91.56,58.379242854864
169,2021-06-19,new york,us,84.75,87.34,55,Meter #98271584,59.26,19,6,2021,619.0,spring,94.75,59.0839005908293
170,2021-06-20,new york,us,84.55,86.24,52,Meter #98271584,57.05,20,6,2021,620.0,spring,94.55,59.03972142243022
171,2021-06-21,new york,us,84.55,89.6,64,Meter #98271584,63.11,21,6,2021,621.0,summer,94.55,62.3136597899885
172,2021-06-22,new york,us,73.75,73.75,64,Meter #98271584,62.59,22,6,2021,622.0,summer,83.75,63.65676088933287
173,2021-06-23,new york,us,74.21,74.21,31,Meter #98271584,51.74,23,6,2021,623.0,summer,84.21,63.59955473139784
174,2021-06-24,new york,us,77.4,77.4,33,Meter #98271584,49.92,24,6,2021,624.0,summer,87.4,63.20284246223964
175,2021-06-25,new york,us,75.78,75.78,55,Meter #98271584,53.7,25,6,2021,625.0,summer,85.78,63.40430762714129
176,2021-06-26,new york,us,81.43,85.03,68,Meter #98271584,75.01,26,6,2021,626.0,summer,91.43,62.70166677424354
177,2021-06-27,new york,us,82.64,87.2,68,Meter #98271584,57.67,27,6,2021,627.0,summer,92.64,62.55118970663181
178,2021-06-28,new york,us,88.52,95.24,58,Meter #98271584,67.44,28,6,2021,628.0,summer,98.52,61.81994577476654
179,2021-06-29,new york,us,92.68,101.55,53,Meter #98271584,68.7,29,6,2021,629.0,summer,102.68,61.30260312909314
180,2021-06-30,new york,us,93.76,102.78,51,Meter #98271584,68.21,30,6,2021,630.0,summer,103.76,61.16829301915871
181,2021-07-01,new york,us,84.23,87.41,58,Meter #98271584,63.41,1,7,2021,701.0,summer,94.23,62.35345537811722
182,2021-07-02,new york,us,76.14,76.14,73,Meter #98271584,64.27,2,7,2021,702.0,summer,86.14,63.35953759049648
183,2021-07-03,new york,us,64.94,64.94,81,Meter #98271584,55.65,3,7,2021,703.0,summer,74.94,64.75238317500177
184,2021-07-04,new york,us,76.41,76.41,55,Meter #98271584,100.26,4,7,2021,704.0,summer,86.41,63.32596006301287
185,2021-07-05,new york,us,81.51,83.96,61,Meter #98271584,66.75,5,7,2021,705.0,summer,91.51,62.69171787721136
186,2021-07-06,new york,us,89.59,95.73,54,Meter #98271584,68.97,6,7,2021,706.0,summer,99.59,61.68687927696112
187,2021-07-07,new york,us,90.57,98.65,56,Meter #98271584,66.07,7,7,2021,707.0,summer,100.57,61.56500528831691
188,2021-07-08,new york,us,84.62,89.64,63,Meter #98271584,71.81,8,7,2021,708.0,summer,94.62,62.30495450508534
189,2021-07-09,new york,us,79.22,79.22,73,Meter #98271584,78.48,9,7,2021,709.0,summer,89.22,62.97650505475753
190,2021-07-10,new york,us,77.49,77.49,69,Meter #98271584,92.76,10,7,2021,710.0,summer,87.49,63.19164995307843
191,2021-07-11,new york,us,74.85,74.85,81,Meter #98271584,87.57,11,7,2021,711.0,summer,84.85,63.51996355514039
192,2021-07-12,new york,us,82.54,88.68,75,Meter #98271584,72.63,12,7,2021,712.0,summer,92.54,62.56362582792204
193,2021-07-13,new york,us,73.9,73.9,81,Meter #98271584,62.65,13,7,2021,713.0,summer,83.9,63.63810670739754
194,2021-07-14,new york,us,81.43,86.53,76,Meter #98271584,62.96,14,7,2021,714.0,summer,91.43,62.70166677424354
195,2021-07-15,new york,us,85.68,89.61,57,Meter #98271584,74.57,15,7,2021,715.0,summer,95.68,62.17313161940895
196,2021-07-16,new york,us,90.5,97.61,54,Meter #98271584,62.77,16,7,2021,716.0,summer,100.5,61.57371057322007
197,2021-07-17,new york,us,90.63,99.86,58,Meter #98271584,58.62,17,7,2021,717.0,summer,100.63,61.55754361554278
198,2021-07-18,new york,us,84.29,89.75,66,Meter #98271584,59.71,18,7,2021,718.0,summer,94.29,62.34599370534308
199,2021-07-19,new york,us,77.41,77.41,69,Meter #98271584,61.47,19,7,2021,719.0,summer,87.41,63.201598850110614
200,2021-07-20,new york,us,84.84,88.55,59,Meter #98271584,69.0,20,7,2021,720.0,summer,94.84,62.277595038246844
201,2021-07-21,new york,us,84.08,85.38,51,Meter #98271584,69.66,21,7,2021,721.0,summer,94.08,62.37210956005256
202,2021-07-22,new york,us,80.59,80.71,44,Meter #98271584,65.35,22,7,2021,722.0,summer,90.59,62.80613019308144
203,2021-07-23,new york,us,82.51,82.51,37,Meter #98271584,66.17,23,7,2021,723.0,summer,92.51,62.5673566643091
204,2021-07-24,new york,us,84.49,84.49,42,Meter #98271584,77.92,24,7,2021,724.0,summer,94.49,62.32112146276263
205,2021-07-25,new york,us,76.07,76.07,81,Meter #98271584,55.96,25,7,2021,725.0,summer,86.07,63.36824287539964
206,2021-07-26,new york,us,86.53,90.27,55,Meter #98271584,66.53,26,7,2021,726.0,summer,96.53,62.06742458844203
207,2021-07-27,new york,us,88.58,89.42,42,Meter #98271584,78.76,27,7,2021,727.0,summer,98.58,61.8124841019924
208,2021-07-28,new york,us,80.39,81.64,55,Meter #98271584,68.47,28,7,2021,728.0,summer,90.39,62.83100243566189
209,2021-07-29,new york,us,78.14,78.14,70,Meter #98271584,65.94,29,7,2021,729.0,summer,88.14,63.11081516469197
210,2021-07-30,new york,us,81.38,82.3,51,Meter #98271584,69.96,30,7,2021,730.0,summer,91.38,62.70788483488865
211,2021-07-31,new york,us,76.26,76.26,42,Meter #98271584,97.9,31,7,2021,731.0,summer,86.26,63.34461424494821
212,2021-08-01,new york,us,77.07,77.07,61,Meter #98271584,99.65,1,8,2021,801.0,summer,87.07,63.24388166249739
213,2021-08-02,new york,us,78.34,78.34,49,Meter #98271584,59.51,2,8,2021,802.0,summer,88.34,63.085942922111514
214,2021-08-03,new york,us,75.37,75.37,54,Meter #98271584,65.45,3,8,2021,803.0,summer,85.37,63.45529572443122
215,2021-08-04,new york,us,75.3,75.3,55,Meter #98271584,60.37,4,8,2021,804.0,summer,85.3,63.46400100933438
216,2021-08-05,new york,us,76.41,76.41,63,Meter #98271584,61.55,5,8,2021,805.0,summer,86.41,63.32596006301287
217,2021-08-06,new york,us,85.59,87.63,51,Meter #98271584,59.23,6,8,2021,806.0,summer,95.59,62.184324128570154
218,2021-08-07,new york,us,85.24,86.02,47,Meter #98271584,57.2,7,8,2021,807.0,summer,95.24,62.22785055308594
219,2021-08-08,new york,us,76.22,76.22,63,Meter #98271584,49.97,8,8,2021,808.0,summer,86.22,63.3495886934643
220,2021-08-09,new york,us,77.46,77.46,75,Meter #98271584,59.98,9,8,2021,809.0,summer,87.46,63.1953807894655
221,2021-08-10,new york,us,82.64,87.24,68,Meter #98271584,70.32,10,8,2021,810.0,summer,92.64,62.55118970663181
222,2021-08-11,new york,us,85.41,92.17,66,Meter #98271584,71.97,11,8,2021,811.0,summer,95.41,62.20670914689256
223,2021-08-12,new york,us,88.67,95.44,58,Meter #98271584,83.47,12,8,2021,812.0,summer,98.67,61.8012915928312
224,2021-08-13,new york,us,88.65,95.32,57,Meter #98271584,65.51,13,8,2021,813.0,summer,98.65,61.80377881708924
225,2021-08-14,new york,us,88.45,93.28,54,Meter #98271584,76.76,14,8,2021,814.0,summer,98.45,61.828651059669696
226,2021-08-15,new york,us,82.24,82.66,47,Meter #98271584,64.69,15,8,2021,815.0,summer,92.24,62.60093419179271
227,2021-08-16,new york,us,82.4,83.21,50,Meter #98271584,59.61,16,8,2021,816.0,summer,92.4,62.581036397728354
228,2021-08-17,new york,us,78.34,78.34,67,Meter #98271584,61.28,17,8,2021,817.0,summer,88.34,63.085942922111514
229,2021-08-18,new york,us,80.2,84.42,78,Meter #98271584,67.59,18,8,2021,818.0,summer,90.2,62.85463106611331
230,2021-08-19,new york,us,80.36,83.98,73,Meter #98271584,74.28,19,8,2021,819.0,summer,90.36,62.83473327204896
231,2021-08-20,new york,us,81.18,84.4,67,Meter #98271584,68.97,20,8,2021,820.0,summer,91.18,62.7327570774691
232,2021-08-21,new york,us,81.86,85.92,69,Meter #98271584,60.56,21,8,2021,821.0,summer,91.86,62.64819145269557
233,2021-08-22,new york,us,73.49,73.49,95,Meter #98271584,41.5,22,8,2021,822.0,summer,83.49,63.689094804687464
234,2021-08-23,new york,us,77.29,77.29,86,Meter #98271584,39.54,23,8,2021,823.0,summer,87.29,63.21652219565888
235,2021-08-24,new york,us,89.55,92.47,47,Meter #98271584,48.44,24,8,2021,824.0,summer,99.55,61.691853725477216
236,2021-08-25,new york,us,88.24,91.52,50,Meter #98271584,48.74,25,8,2021,825.0,summer,98.24,61.85476691437917
237,2021-08-26,new york,us,90.65,99.74,57,Meter #98271584,47.43,26,8,2021,826.0,summer,100.65,61.55505639128473
238,2021-08-27,new york,us,90.75,97.98,54,Meter #98271584,48.24,27,8,2021,827.0,summer,100.75,61.5426202699945
239,2021-08-28,new york,us,75.76,75.76,64,Meter #98271584,40.11,28,8,2021,828.0,summer,85.76,63.40679485139934
240,2021-08-29,new york,us,73.57,73.57,77,Meter #98271584,34.83,29,8,2021,829.0,summer,83.57,63.67914590765528
241,2021-08-30,new york,us,81.55,86.13,73,Meter #98271584,41.06,30,8,2021,830.0,summer,91.55,62.686743428695266
242,2021-08-31,new york,us,85.62,87.12,49,Meter #98271584,42.31,31,8,2021,831.0,summer,95.62,62.18059329218308
243,2021-09-01,new york,us,72.66,72.66,83,Meter #98271584,44.19,1,9,2021,901.0,summer,82.66,63.792314611396336
244,2021-09-02,new york,us,75.51,75.51,42,Meter #98271584,43.78,2,9,2021,902.0,summer,85.51,63.4378851546249
245,2021-09-03,new york,us,73.44,73.44,51,Meter #98271584,45.59,3,9,2021,903.0,summer,83.44,63.695312865332575
246,2021-09-04,new york,us,77.62,77.62,46,Meter #98271584,115.05,4,9,2021,904.0,summer,87.62,63.17548299540114
247,2021-09-05,new york,us,74.08,74.08,78,Meter #98271584,65.66,5,9,2021,905.0,summer,84.08,63.61572168907513
248,2021-09-06,new york,us,82.39,82.39,44,Meter #98271584,73.29,6,9,2021,906.0,summer,92.39,62.58228000985737
249,2021-09-07,new york,us,79.67,79.67,42,Meter #98271584,54.71,7,9,2021,907.0,summer,89.67,62.92054250895151
250,2021-09-08,new york,us,81.03,83.81,65,Meter #98271584,52.87,8,9,2021,908.0,summer,91.03,62.75141125940444
251,2021-09-09,new york,us,70.01,70.01,94,Meter #98271584,52.62,9,9,2021,909.0,summer,80.01,64.12187182558732
252,2021-09-10,new york,us,74.88,74.88,46,Meter #98271584,45.22,10,9,2021,910.0,summer,84.88,63.51623271875333
253,2021-09-11,new york,us,76.14,76.14,51,Meter #98271584,41.16,11,9,2021,911.0,summer,86.14,63.35953759049648
254,2021-09-12,new york,us,78.3,78.3,62,Meter #98271584,40.78,12,9,2021,912.0,summer,88.3,63.09091737062761
255,2021-09-13,new york,us,84.15,86.35,54,Meter #98271584,59.47,13,9,2021,913.0,summer,94.15,62.3634042751494
256,2021-09-14,new york,us,79.6,79.6,59,Meter #98271584,60.08,14,9,2021,914.0,summer,89.6,62.92924779385467
257,2021-09-15,new york,us,84.15,89.27,65,Meter #98271584,57.18,15,9,2021,915.0,summer,94.15,62.3634042751494
258,2021-09-16,new york,us,77.13,77.13,66,Meter #98271584,58.05,16,9,2021,916.0,summer,87.13,63.236419989723245
259,2021-09-17,new york,us,72.16,72.16,84,Meter #98271584,106.38,17,9,2021,917.0,summer,82.16,63.854495217847465
260,2021-09-18,new york,us,81.16,83.59,62,Meter #98271584,88.63,18,9,2021,918.0,summer,91.16,62.73524430172715
261,2021-09-19,new york,us,75.99,75.99,45,Meter #98271584,87.0,19,9,2021,919.0,summer,85.99,63.37819177243182
262,2021-09-20,new york,us,74.16,74.16,61,Meter #98271584,79.09,20,9,2021,920.0,summer,84.16,63.60577279204295
263,2021-09-21,new york,us,77.28,77.28,60,Meter #98271584,59.13,21,9,2021,921.0,fall,87.28,46.257945657045
264,2021-09-22,new york,us,79.19,79.19,69,Meter #98271584,60.63,22,9,2021,922.0,fall,89.19,45.5556766359285
265,2021-09-23,new york,us,80.29,83.53,71,Meter #98271584,68.67,23,9,2021,923.0,fall,90.29,45.15122850858391
266,2021-09-24,new york,us,72.23,72.23,48,Meter #98271584,50.82,24,9,2021,924.0,fall,82.23,48.11473024167241
267,2021-09-25,new york,us,75.28,75.28,44,Meter #98271584,49.94,25,9,2021,925.0,fall,85.28,46.99330588858061
268,2021-09-26,new york,us,72.22,72.22,42,Meter #98271584,49.16,26,9,2021,926.0,fall,82.22,48.11840704283009
269,2021-09-27,new york,us,74.23,74.23,47,Meter #98271584,49.93,27,9,2021,927.0,fall,84.23,47.3793700101368
270,2021-09-28,new york,us,68.0,68.0,82,Meter #98271584,47.54,28,9,2021,928.0,fall,78.0,49.67001713137022
271,2021-09-29,new york,us,67.32,67.32,43,Meter #98271584,47.26,29,9,2021,929.0,fall,77.32,49.92003961009233
272,2021-09-30,new york,us,66.86,66.86,50,Meter #98271584,49.27,30,9,2021,930.0,fall,76.86,50.08917246334552
273,2021-10-01,new york,us,64.15,64.15,49,Meter #98271584,42.44,1,10,2021,1001.0,fall,74.15,51.08558557707627
274,2021-10-02,new york,us,72.23,72.23,51,Meter #98271584,46.24,2,10,2021,1002.0,fall,82.23,48.11473024167241
275,2021-10-03,new york,us,77.35,77.35,50,Meter #98271584,47.7,3,10,2021,1003.0,fall,87.35,46.23220804894126
276,2021-10-04,new york,us,69.7,69.7,84,Meter #98271584,48.94,4,10,2021,1004.0,fall,79.7,49.044960934564955
277,2021-10-05,new york,us,64.17,64.17,80,Meter #98271584,50.1,5,10,2021,1005.0,fall,74.17,51.07823197476091
278,2021-10-06,new york,us,67.28,67.28,75,Meter #98271584,47.57,6,10,2021,1006.0,fall,77.28,49.93474681472304
279,2021-10-07,new york,us,71.27,71.27,70,Meter #98271584,44.65,7,10,2021,1007.0,fall,81.27,48.467703152809506
280,2021-10-08,new york,us,73.33,73.33,64,Meter #98271584,49.76,8,10,2021,1008.0,fall,83.33,47.710282114327825
281,2021-10-09,new york,us,66.56,66.56,72,Meter #98271584,52.24,9,10,2021,1009.0,fall,76.56,50.19947649807586
282,2021-10-10,new york,us,64.04,64.04,89,Meter #98271584,57.43,10,10,2021,1010.0,fall,74.04,51.12603038981072
283,2021-10-11,new york,us,67.64,67.64,72,Meter #98271584,55.43,11,10,2021,1011.0,fall,77.64,49.802381973046636
284,2021-10-12,new york,us,67.17,67.17,69,Meter #98271584,52.89,12,10,2021,1012.0,fall,77.17,49.975191627457505
285,2021-10-13,new york,us,67.93,67.93,78,Meter #98271584,51.77,13,10,2021,1013.0,fall,77.93,49.69575473947397
286,2021-10-14,new york,us,72.14,72.14,61,Meter #98271584,52.4,14,10,2021,1014.0,fall,82.14,48.14782145209152
287,2021-10-15,new york,us,73.4,73.4,61,Meter #98271584,107.79,15,10,2021,1015.0,fall,83.4,47.68454450622408
288,2021-10-16,new york,us,74.59,74.59,63,Meter #98271584,140.04,16,10,2021,1016.0,fall,84.59,47.24700516846039
289,2021-10-17,new york,us,60.26,60.26,55,Meter #98271584,96.95,17,10,2021,1017.0,fall,70.25999999999999,52.515861227413026
290,2021-10-18,new york,us,57.92,57.92,49,Meter #98271584,48.42,18,10,2021,1018.0,fall,67.92,53.37623269830969
291,2021-10-19,new york,us,58.28,58.28,52,Meter #98271584,57.41,19,10,2021,1019.0,fall,68.28,53.24386785663328
292,2021-10-20,new york,us,68.7,68.7,50,Meter #98271584,51.75,20,10,2021,1020.0,fall,78.7,49.41264105033276
293,2021-10-21,new york,us,69.93,69.93,50,Meter #98271584,50.08,21,10,2021,1021.0,fall,79.93,48.96039450793836
294,2021-10-22,new york,us,66.51,66.51,56,Meter #98271584,43.13,22,10,2021,1022.0,fall,76.51,50.21786050386425
295,2021-10-23,new york,us,54.9,54.9,63,Meter #98271584,55.09,23,10,2021,1023.0,fall,64.9,54.48662664792846
296,2021-10-24,new york,us,57.56,57.56,50,Meter #98271584,57.13,24,10,2021,1024.0,fall,67.56,53.5085975399861
297,2021-10-25,new york,us,70.16,70.16,74,Meter #98271584,53.41,25,10,2021,1025.0,fall,80.16,48.87582808131177
298,2021-10-26,new york,us,57.69,57.69,92,Meter #98271584,57.48,26,10,2021,1026.0,fall,67.69,53.46079912493629
299,2021-10-27,new york,us,60.21,60.21,60,Meter #98271584,64.18,27,10,2021,1027.0,fall,70.21000000000001,52.53424523320142
300,2021-10-28,new york,us,54.37,54.37,67,Meter #98271584,62.63,28,10,2021,1028.0,fall,64.37,54.68149710928539
301,2021-10-29,new york,us,55.45,55.45,64,Meter #98271584,66.99,29,10,2021,1029.0,fall,65.45,54.28440258425616
302,2021-10-30,new york,us,63.81,63.81,66,Meter #98271584,75.45,30,10,2021,1030.0,fall,73.81,51.210596816437324
303,2021-10-31,new york,us,61.14,61.14,75,Meter #98271584,63.16,31,10,2021,1031.0,fall,71.14,52.19230272553736
304,2021-11-01,new york,us,57.61,57.61,44,Meter #98271584,64.27,1,11,2021,1101.0,fall,67.61,53.49021353419771
305,2021-11-02,new york,us,53.37,53.37,46,Meter #98271584,62.66,2,11,2021,1102.0,fall,63.37,55.0491772250532
306,2021-11-03,new york,us,49.51,49.51,47,Meter #98271584,67.03,3,11,2021,1103.0,fall,59.51,56.468422471916924
307,2021-11-04,new york,us,48.56,48.56,43,Meter #98271584,61.56,4,11,2021,1104.0,fall,58.56,56.81771858189634
308,2021-11-05,new york,us,47.84,47.84,40,Meter #98271584,57.45,5,11,2021,1105.0,fall,57.84,57.082448265249155
309,2021-11-06,new york,us,49.23,49.23,42,Meter #98271584,49.99,6,11,2021,1106.0,fall,59.23,56.57137290433191
310,2021-11-07,new york,us,51.31,51.31,44,Meter #98271584,51.47,7,11,2021,1107.0,fall,61.31,55.80659826353487
311,2021-11-08,new york,us,60.26,60.26,45,Meter #98271584,48.88,8,11,2021,1108.0,fall,70.25999999999999,52.515861227413026
312,2021-11-09,new york,us,63.07,63.07,48,Meter #98271584,47.41,9,11,2021,1109.0,fall,73.07,51.482680102105505
313,2021-11-10,new york,us,62.24,62.24,50,Meter #98271584,46.33,10,11,2021,1110.0,fall,72.24000000000001,51.78785459819277
314,2021-11-11,new york,us,58.95,58.95,51,Meter #98271584,46.71,11,11,2021,1111.0,fall,68.95,52.99752217906885
315,2021-11-12,new york,us,62.31,62.31,86,Meter #98271584,45.35,12,11,2021,1112.0,fall,72.31,51.76211699008903
316,2021-11-13,new york,us,62.19,62.19,54,Meter #98271584,46.23,13,11,2021,1113.0,fall,72.19,51.80623860398117
317,2021-11-14,new york,us,46.87,45.47,56,Meter #98271584,48.84,14,11,2021,1114.0,fall,56.87,57.43909797754392
318,2021-11-15,new york,us,44.47,41.75,62,Meter #98271584,49.55,15,11,2021,1115.0,fall,54.47,58.321530255386655
319,2021-11-16,new york,us,46.09,44.09,50,Meter #98271584,51.08,16,11,2021,1116.0,fall,56.09,57.72588846784281
320,2021-11-17,new york,us,53.42,53.42,49,Meter #98271584,49.19,17,11,2021,1117.0,fall,63.42,55.03079321926481
321,2021-11-18,new york,us,62.6,62.6,62,Meter #98271584,49.58,18,11,2021,1118.0,fall,72.6,51.65548975651637
322,2021-11-19,new york,us,46.04,43.59,38,Meter #98271584,49.79,19,11,2021,1119.0,fall,56.04,57.7442724736312
323,2021-11-20,new york,us,46.04,46.04,47,Meter #98271584,47.2,20,11,2021,1120.0,fall,56.04,57.7442724736312
324,2021-11-21,new york,us,52.09,52.09,45,Meter #98271584,51.25,21,11,2021,1121.0,fall,62.09,55.51980777323598
325,2021-11-22,new york,us,51.08,51.08,59,Meter #98271584,55.33,22,11,2021,1122.0,fall,61.08,55.891164690161474
326,2021-11-23,new york,us,40.46,37.81,45,Meter #98271584,52.32,23,11,2021,1123.0,fall,50.46,59.795927519615546
327,2021-11-24,new york,us,41.36,41.36,36,Meter #98271584,50.82,24,11,2021,1124.0,fall,51.36,59.46501541542453
328,2021-11-25,new york,us,51.26,51.26,36,Meter #98271584,45.32,25,11,2021,1125.0,fall,61.26,55.824982269323264
329,2021-11-26,new york,us,46.4,43.62,56,Meter #98271584,41.81,26,11,2021,1126.0,fall,56.4,57.61190763195479
330,2021-11-27,new york,us,37.94,34.33,49,Meter #98271584,47.75,27,11,2021,1127.0,fall,47.94,60.722481411350415
331,2021-11-28,new york,us,42.39,42.39,64,Meter #98271584,48.55,28,11,2021,1128.0,fall,52.39,59.08630489618369
332,2021-11-29,new york,us,42.26,39.89,48,Meter #98271584,54.76,29,11,2021,1129.0,fall,52.26,59.1341033112335
333,2021-11-30,new york,us,38.97,35.28,67,Meter #98271584,58.29,30,11,2021,1130.0,fall,48.97,60.343770892109575
334,2021-12-01,new york,us,48.07,46.86,42,Meter #98271584,61.49,1,12,2021,1201.0,fall,58.07,56.99788183862256
335,2021-12-02,new york,us,55.58,55.58,65,Meter #98271584,53.89,2,12,2021,1202.0,fall,65.58,54.23660416920635
336,2021-12-03,new york,us,46.04,44.26,42,Meter #98271584,60.65,3,12,2021,1203.0,fall,56.04,57.7442724736312
337,2021-12-04,new york,us,45.32,43.69,51,Meter #98271584,56.89,4,12,2021,1204.0,fall,55.32,58.009002156984025
338,2021-12-05,new york,us,46.81,46.81,36,Meter #98271584,67.66,5,12,2021,1205.0,fall,56.81,57.461158784489996
339,2021-12-06,new york,us,57.69,57.69,80,Meter #98271584,57.22,6,12,2021,1206.0,fall,67.69,53.46079912493629
340,2021-12-07,new york,us,41.31,39.72,37,Meter #98271584,59.88,7,12,2021,1207.0,fall,51.31,59.483399421212916
341,2021-12-08,new york,us,42.26,42.26,66,Meter #98271584,59.0,8,12,2021,1208.0,fall,52.26,59.1341033112335
342,2021-12-09,new york,us,39.02,39.02,42,Meter #98271584,62.58,9,12,2021,1209.0,fall,49.02,60.32538688632118
343,2021-12-10,new york,us,49.05,47.97,53,Meter #98271584,55.97,10,12,2021,1210.0,fall,59.05,56.63755532517011
344,2021-12-11,new york,us,59.9,59.9,90,Meter #98271584,54.44,11,12,2021,1211.0,fall,69.9,52.64822606908943
345,2021-12-12,new york,us,45.68,44.11,32,Meter #98271584,58.36,12,12,2021,1212.0,fall,55.68,57.87663731530761
346,2021-12-13,new york,us,48.92,47.83,36,Meter #98271584,61.45,13,12,2021,1213.0,fall,58.92,56.685353740219924
347,2021-12-14,new york,us,49.28,49.28,43,Meter #98271584,64.56,14,12,2021,1214.0,fall,59.28,56.55298889854352
348,2021-12-15,new york,us,51.44,51.44,53,Meter #98271584,67.31,15,12,2021,1215.0,fall,61.44,55.75879984848506
349,2021-12-16,new york,us,58.69,58.69,53,Meter #98271584,55.61,16,12,2021,1216.0,fall,68.69,53.09311900916848
350,2021-12-17,new york,us,58.28,58.28,18,Meter #98271584,56.22,17,12,2021,1217.0,fall,68.28,53.24386785663328
351,2021-12-18,new york,us,41.36,41.36,82,Meter #98271584,59.69,18,12,2021,1218.0,fall,51.36,59.46501541542453
352,2021-12-19,new york,us,38.66,35.18,56,Meter #98271584,69.99,19,12,2021,1219.0,fall,48.66,60.4577517279976
353,2021-12-20,new york,us,33.31,33.31,49,Meter #98271584,70.92,20,12,2021,1220.0,fall,43.31,62.42484034735535
354,2021-12-21,new york,us,39.97,39.97,49,Meter #98271584,62.41,21,12,2021,1221.0,winter,49.97,61.94061994412074
355,2021-12-22,new york,us,45.63,43.1,49,Meter #98271584,63.25,22,12,2021,1222.0,winter,55.63,55.93388350224216
356,2021-12-23,new york,us,34.16,34.16,47,Meter #98271584,64.6,23,12,2021,1223.0,winter,44.16,68.10654551431766
357,2021-12-24,new york,us,37.33,37.33,81,Meter #98271584,58.77,24,12,2021,1224.0,winter,47.33,64.74234860252346
358,2021-12-25,new york,us,44.65,44.65,87,Meter #98271584,59.1,25,12,2021,1225.0,winter,54.65,56.97391914058863
359,2021-12-26,new york,us,47.12,46.03,48,Meter #98271584,54.22,26,12,2021,1226.0,winter,57.12,54.35260482761335
360,2021-12-27,new york,us,37.72,37.72,56,Meter #98271584,55.46,27,12,2021,1227.0,winter,47.72,64.32845686889578
361,2021-12-28,new york,us,44.96,44.96,65,Meter #98271584,53.74,28,12,2021,1228.0,winter,54.96,56.6449282753974
362,2021-12-29,new york,us,43.16,43.16,86,Meter #98271584,53.0,29,12,2021,1229.0,winter,53.16,58.55519781521745
363,2021-12-30,new york,us,47.71,47.71,85,Meter #98271584,52.66,30,12,2021,1230.0,winter,57.71,53.72646092289455
364,2021-12-31,new york,us,51.98,51.98,83,Meter #98271584,55.8,31,12,2021,1231.0,winter,61.98,49.19487707009924
365,2022-01-01,new york,us,53.78,53.78,92,Meter #98271584,61.86,1,1,2022,101.0,winter,63.78,47.28460753027919
366,2022-01-02,new york,us,56.12,56.12,87,Meter #98271584,65.84,2,1,2022,102.0,winter,66.12,44.80125712851313
367,2022-01-03,new york,us,30.51,26.67,41,Meter #98271584,64.26,3,1,2022,103.0,winter,40.510000000000005,71.98014763673052
368,2022-01-04,new york,us,31.75,28.88,41,Meter #98271584,75.65,4,1,2022,104.0,winter,41.75,70.6641841759656
369,2022-01-05,new york,us,41.18,38.93,90,Meter #98271584,66.0,5,1,2022,105.0,winter,51.18,60.656494309019486
370,2022-01-06,new york,us,37.17,32.68,38,Meter #98271584,65.7,6,1,2022,106.0,winter,47.17,64.91215033939636
371,2022-01-07,new york,us,34.34,30.74,57,Meter #98271584,71.04,7,1,2022,107.0,winter,44.34,67.91551856033564
372,2022-01-08,new york,us,26.62,26.62,42,Meter #98271584,77.8,8,1,2022,108.0,winter,36.620000000000005,76.10845236445272
373,2022-01-09,new york,us,39.43,35.36,66,Meter #98271584,66.82,9,1,2022,109.0,winter,49.43,62.51370080606675
374,2022-01-10,new york,us,28.76,24.66,35,Meter #98271584,75.23,10,1,2022,110.0,winter,38.760000000000005,73.83735413377778
375,2022-01-11,new york,us,16.65,11.23,35,Meter #98271584,91.28,11,1,2022,111.0,winter,26.65,86.68922309334485
376,2022-01-12,new york,us,35.6,31.33,49,Meter #98271584,72.54,12,1,2022,112.0,winter,45.6,66.57832988246162
377,2022-01-13,new york,us,43.16,43.16,50,Meter #98271584,64.83,13,1,2022,113.0,winter,53.16,58.55519781521745
378,2022-01-14,new york,us,42.08,39.17,59,Meter #98271584,59.17,14,1,2022,114.0,winter,52.08,59.70135953910947
379,2022-01-15,new york,us,15.62,15.62,34,Meter #98271584,94.04,15,1,2022,115.0,winter,25.619999999999997,87.7823217744641
380,2022-01-16,new york,us,22.51,22.51,61,Meter #98271584,81.69,16,1,2022,116.0,winter,32.510000000000005,80.47023448037515
381,2022-01-17,new york,us,38.3,34.5,75,Meter #98271584,60.72,17,1,2022,117.0,winter,48.3,63.71292557273156
382,2022-01-18,new york,us,35.96,32.02,37,Meter #98271584,65.99,18,1,2022,118.0,winter,45.96,66.19627597449761
383,2022-01-19,new york,us,42.91,40.64,50,Meter #98271584,67.52,19,1,2022,119.0,winter,52.91,58.82051302908134
384,2022-01-20,new york,us,33.26,30.6,82,Meter #98271584,71.15,20,1,2022,120.0,winter,43.26,69.06168028422768
385,2022-01-21,new york,us,17.76,11.57,43,Meter #98271584,90.79,21,1,2022,121.0,winter,27.76,85.51122354378916
386,2022-01-22,new york,us,24.8,24.8,54,Meter #98271584,89.42,22,1,2022,122.0,winter,34.8,78.03994712138189
387,2022-01-23,new york,us,34.32,31.05,40,Meter #98271584,78.44,23,1,2022,123.0,winter,44.32,67.93674377744476
388,2022-01-24,new york,us,29.77,29.77,55,Meter #98271584,74.29,24,1,2022,124.0,winter,39.769999999999996,72.76548066976765
389,2022-01-25,new york,us,40.26,40.26,56,Meter #98271584,70.99,25,1,2022,125.0,winter,50.26,61.63285429603862
390,2022-01-26,new york,us,25.34,20.73,31,Meter #98271584,86.28,26,1,2022,126.0,winter,35.34,77.46686625943586
391,2022-01-27,new york,us,28.94,23.51,47,Meter #98271584,86.15,27,1,2022,127.0,winter,38.94,73.64632717979578
392,2022-01-28,new york,us,32.47,32.47,81,Meter #98271584,70.53,28,1,2022,128.0,winter,42.47,69.90007636003759
393,2022-01-29,new york,us,17.19,9.01,87,Meter #98271584,96.72,29,1,2022,129.0,winter,27.19,86.11614223139884
394,2022-01-30,new york,us,20.46,16.08,46,Meter #98271584,107.42,30,1,2022,130.0,winter,30.46,82.64581923405909
395,2022-01-31,new york,us,28.89,28.89,48,Meter #98271584,87.32,31,1,2022,131.0,winter,38.89,73.69939022256855
396,2022-02-01,new york,us,32.18,32.18,55,Meter #98271584,83.65,1,2,2022,201.0,winter,42.18,70.20784200811971
397,2022-02-02,new york,us,43.57,43.57,74,Meter #98271584,71.98,2,2,2022,202.0,winter,53.57,58.120080864480656
398,2022-02-03,new york,us,46.71,46.71,91,Meter #98271584,62.17,3,2,2022,203.0,winter,56.71,54.78772177835013
399,2022-02-04,new york,us,35.17,35.17,88,Meter #98271584,64.56,4,2,2022,204.0,winter,45.17,67.03467205030752
400,2022-02-05,new york,us,26.96,20.88,49,Meter #98271584,90.81,5,2,2022,205.0,winter,36.96,75.74762367359783
401,2022-02-06,new york,us,26.6,23.04,46,Meter #98271584,93.29,6,2,2022,206.0,winter,36.6,76.12967758156184
402,2022-02-07,new york,us,36.32,36.32,90,Meter #98271584,67.21,7,2,2022,207.0,winter,46.32,65.8142220665336
403,2022-02-08,new york,us,44.06,41.26,47,Meter #98271584,73.1,8,2,2022,208.0,winter,54.06,57.600063045307415
404,2022-02-09,new york,us,39.49,36.99,45,Meter #98271584,75.82,9,2,2022,209.0,winter,49.49,62.450025154739414
405,2022-02-10,new york,us,49.41,46.85,45,Meter #98271584,68.5,10,2,2022,210.0,winter,59.41,51.92231746862007
406,2022-02-11,new york,us,52.88,52.88,32,Meter #98271584,62.23,11,2,2022,211.0,winter,62.88,48.23974230018921
407,2022-02-12,new york,us,55.99,55.99,40,Meter #98271584,56.03,12,2,2022,212.0,winter,65.99000000000001,44.939221039722355
408,2022-02-13,new york,us,33.08,33.08,87,Meter #98271584,61.64,13,2,2022,213.0,winter,43.08,69.25270723820968
409,2022-02-14,new york,us,21.92,15.99,38,Meter #98271584,97.01,14,2,2022,214.0,winter,31.92,81.09637838509394
410,2022-02-15,new york,us,27.07,27.07,34,Meter #98271584,95.0,15,2,2022,215.0,winter,37.07,75.63088497949772
411,2022-02-16,new york,us,40.64,37.25,56,Meter #98271584,72.66,16,2,2022,216.0,winter,50.64,61.229575170965504
412,2022-02-17,new york,us,60.37,60.37,58,Meter #98271584,58.53,17,2,2022,217.0,winter,70.37,40.29089849282691
413,2022-02-18,new york,us,39.74,35.11,46,Meter #98271584,59.06,18,2,2022,218.0,winter,49.74,62.18470994087552
414,2022-02-19,new york,us,38.55,34.79,44,Meter #98271584,84.39,19,2,2022,219.0,winter,48.55,63.447610358867664
415,2022-02-20,new york,us,30.85,26.37,37,Meter #98271584,81.82,20,2,2022,220.0,winter,40.85,71.61931894587562
416,2022-02-21,new york,us,45.32,45.32,44,Meter #98271584,69.52,21,2,2022,221.0,winter,55.32,56.26287436743339
417,2022-02-22,new york,us,52.23,52.23,73,Meter #98271584,56.78,22,2,2022,222.0,winter,62.23,48.92956185623534
418,2022-02-23,new york,us,63.03,63.03,71,Meter #98271584,57.19,23,2,2022,223.0,winter,73.03,37.467944617315084
419,2022-02-24,new york,us,32.36,32.36,39,Meter #98271584,60.52,24,2,2022,224.0,winter,42.36,70.01681505413771
420,2022-02-25,new york,us,34.59,34.59,86,Meter #98271584,70.5,25,2,2022,225.0,winter,44.59,67.65020334647176
421,2022-02-26,new york,us,31.3,31.3,42,Meter #98271584,77.07,26,2,2022,226.0,winter,41.3,71.14175156092062
422,2022-02-27,new york,us,39.31,34.4,34,Meter #98271584,69.43,27,2,2022,227.0,winter,49.31,62.64105210872142
423,2022-02-28,new york,us,30.74,30.74,26,Meter #98271584,67.83,28,2,2022,228.0,winter,40.739999999999995,71.73605763997574
424,2022-03-01,new york,us,42.08,38.94,53,Meter #98271584,62.89,1,3,2022,301.0,winter,52.08,59.70135953910947
425,2022-03-02,new york,us,45.93,45.93,44,Meter #98271584,59.87,2,3,2022,302.0,winter,55.93,55.61550524560548
426,2022-03-03,new york,us,39.02,36.45,35,Meter #98271584,62.2,3,3,2022,303.0,winter,49.02,62.948817756803535
427,2022-03-04,new york,us,30.99,27.23,35,Meter #98271584,76.72,4,3,2022,304.0,winter,40.989999999999995,71.47074242611185
428,2022-03-05,new york,us,41.79,39.09,35,Meter #98271584,70.33,5,3,2022,305.0,winter,51.79,60.009125187191586
429,2022-03-06,new york,us,54.68,54.68,87,Meter #98271584,56.45,6,3,2022,306.0,winter,64.68,46.32947276036916
430,2022-03-07,new york,us,69.98,69.98,55,Meter #98271584,52.53,7,3,2022,307.0,winter,79.98,30.0921816718988
431,2022-03-08,new york,us,44.11,42.04,34,Meter #98271584,59.56,8,3,2022,308.0,winter,54.11,57.54700000253464
432,2022-03-09,new york,us,35.96,33.28,91,Meter #98271584,65.77,9,3,2022,309.0,winter,45.96,66.19627597449761
433,2022-03-10,new york,us,43.52,43.52,66,Meter #98271584,57.71,10,3,2022,310.0,winter,53.52,58.173143907253426
434,2022-03-11,new york,us,49.35,48.85,48,Meter #98271584,59.34,11,3,2022,311.0,winter,59.35,51.9859931199474
435,2022-03-12,new york,us,32.79,27.5,92,Meter #98271584,70.9,12,3,2022,312.0,winter,42.79,69.56047288629179
436,2022-03-13,new york,us,28.99,23.0,42,Meter #98271584,7.44,13,3,2022,313.0,winter,38.989999999999995,73.593264137023
437,2022-03-14,new york,us,47.59,45.4,38,Meter #98271584,60.33,14,3,2022,314.0,winter,57.59,53.85381222554922
438,2022-03-15,new york,us,55.51,55.51,41,Meter #98271584,54.43,15,3,2022,315.0,winter,65.50999999999999,45.44862625034105
439,2022-03-16,new york,us,58.77,58.77,48,Meter #98271584,56.63,16,3,2022,316.0,winter,68.77000000000001,41.98891586155584
440,2022-03-17,new york,us,50.05,50.05,90,Meter #98271584,52.83,17,3,2022,317.0,winter,60.05,51.2431105211285
441,2022-03-18,new york,us,60.17,60.17,72,Meter #98271584,59.29,18,3,2022,318.0,winter,70.17,40.503150663918035
442,2022-03-19,new york,us,61.34,61.34,73,Meter #98271584,57.24,19,3,2022,319.0,winter,71.34,39.261475463035
443,2022-03-20,new york,us,56.79,56.79,50,Meter #98271584,58.7,20,3,2022,320.0,winter,66.78999999999999,44.090212355357906
444,2022-03-21,new york,us,53.19,53.19,34,Meter #98271584,53.35,21,3,2022,321.0,spring,63.19,52.11242781745478
445,2022-03-22,new york,us,50.13,50.13,23,Meter #98271584,51.39,22,3,2022,322.0,spring,60.13,51.436486540948884
446,2022-03-23,new york,us,45.86,45.86,34,Meter #98271584,55.71,23,3,2022,323.0,spring,55.86,50.49326129562857
447,2022-03-24,new york,us,42.98,41.0,92,Meter #98271584,50.1,24,3,2022,324.0,spring,52.98,49.857081270681846
448,2022-03-25,new york,us,55.27,55.27,60,Meter #98271584,47.25,25,3,2022,325.0,spring,65.27000000000001,52.571891168805195
449,2022-03-26,new york,us,47.48,45.7,68,Meter #98271584,47.45,26,3,2022,326.0,spring,57.48,50.851112559661104
450,2022-03-27,new york,us,42.19,38.63,48,Meter #98271584,53.28,27,3,2022,327.0,spring,52.19,49.682573555505485
451,2022-03-28,new york,us,30.69,25.27,25,Meter #98271584,77.67,28,3,2022,328.0,spring,40.69,47.1422713725585
452,2022-03-29,new york,us,33.44,29.38,36,Meter #98271584,73.51,29,3,2022,329.0,spring,43.44,47.74973493804582
453,2022-03-30,new york,us,41.23,39.64,31,Meter #98271584,58.01,30,3,2022,330.0,spring,51.23,49.47051354718991
454,2022-03-31,new york,us,64.4,64.4,72,Meter #98271584,48.68,31,3,2022,331.0,spring,74.4,54.58867020622311
455,2022-04-01,new york,us,53.78,53.78,50,Meter #98271584,50.86,1,4,2022,401.0,spring,63.78,52.242756364232065
456,2022-04-02,new york,us,45.07,43.99,38,Meter #98271584,50.99,2,4,2022,402.0,spring,55.07,50.31875358045221
457,2022-04-03,new york,us,45.5,43.9,77,Meter #98271584,54.86,3,4,2022,403.0,spring,55.5,50.41373879251023
458,2022-04-04,new york,us,49.28,48.49,40,Meter #98271584,53.51,4,4,2022,404.0,spring,59.28,51.24872507525281
459,2022-04-05,new york,us,53.35,53.35,37,Meter #98271584,52.28,5,4,2022,405.0,spring,63.35,52.147771152174045
460,2022-04-06,new york,us,49.84,48.44,88,Meter #98271584,65.36,6,4,2022,406.0,spring,59.84,51.37242674677022
461,2022-04-07,new york,us,48.43,46.81,89,Meter #98271584,61.71,7,4,2022,407.0,spring,58.43,51.06096360955672
462,2022-04-08,new york,us,56.75,56.75,53,Meter #98271584,49.78,8,4,2022,408.0,spring,66.75,52.89881701495837
463,2022-04-09,new york,us,49.55,46.44,69,Meter #98271584,49.1,9,4,2022,409.0,spring,59.55,51.308366952591555
464,2022-04-10,new york,us,47.39,45.17,40,Meter #98271584,59.13,10,4,2022,410.0,spring,57.39,50.83123193388152
465,2022-04-11,new york,us,51.89,51.89,36,Meter #98271584,50.06,11,4,2022,411.0,spring,61.89,51.82526322286077
466,2022-04-12,new york,us,60.35,60.35,66,Meter #98271584,48.2,12,4,2022,412.0,spring,70.35,53.694042046141774
467,2022-04-13,new york,us,67.26,67.26,48,Meter #98271584,50.5,13,4,2022,413.0,spring,77.26,55.220432314329926
468,2022-04-14,new york,us,79.32,79.32,44,Meter #98271584,40.48,14,4,2022,414.0,spring,89.32,57.88443616879432
469,2022-04-15,new york,us,62.71,62.71,15,Meter #98271584,46.34,15,4,2022,415.0,spring,72.71000000000001,54.2153562332509
470,2022-04-16,new york,us,64.67,64.67,38,Meter #98271584,55.38,16,4,2022,416.0,spring,74.67,54.64831208356186
471,2022-04-17,new york,us,48.45,46.83,34,Meter #98271584,52.82,17,4,2022,417.0,spring,58.45,51.06538152639663
472,2022-04-18,new york,us,53.19,53.19,32,Meter #98271584,54.0,18,4,2022,418.0,spring,63.19,52.11242781745478
473,2022-04-19,new york,us,45.37,41.54,54,Meter #98271584,51.76,19,4,2022,419.0,spring,55.37,50.38502233305083
474,2022-04-20,new york,us,52.41,52.41,32,Meter #98271584,54.04,20,4,2022,420.0,spring,62.41,51.940129060698375
475,2022-04-21,new york,us,57.07,57.07,39,Meter #98271584,47.14,21,4,2022,421.0,spring,67.07,52.96950368439689
476,2022-04-22,new york,us,64.67,64.67,29,Meter #98271584,47.39,22,4,2022,422.0,spring,74.67,54.64831208356186
477,2022-04-23,new york,us,58.23,58.23,35,Meter #98271584,50.69,23,4,2022,423.0,spring,68.22999999999999,53.22574286111154
478,2022-04-24,new york,us,60.28,60.28,35,Meter #98271584,53.59,24,4,2022,424.0,spring,70.28,53.678579337202095
479,2022-04-25,new york,us,58.08,58.08,21,Meter #98271584,49.08,25,4,2022,425.0,spring,68.08,53.19260848481224
480,2022-04-26,new york,us,55.31,55.31,81,Meter #98271584,46.67,26,4,2022,426.0,spring,65.31,52.580727002485006
481,2022-04-27,new york,us,53.53,53.53,34,Meter #98271584,49.92,27,4,2022,427.0,spring,63.53,52.187532403733215
482,2022-04-28,new york,us,49.3,44.78,27,Meter #98271584,50.83,28,4,2022,428.0,spring,59.3,51.25314299209271
483,2022-04-29,new york,us,56.17,56.17,13,Meter #98271584,58.52,29,4,2022,429.0,spring,66.17,52.770697426601046
484,2022-04-30,new york,us,60.42,60.42,19,Meter #98271584,68.2,30,4,2022,430.0,spring,70.42,53.709504755081454
485,2022-05-01,new york,us,60.54,60.54,39,Meter #98271584,100.79,1,5,2022,501.0,spring,70.53999999999999,53.7360122561209
486,2022-05-02,new york,us,55.85,55.85,93,Meter #98271584,57.32,2,5,2022,502.0,spring,65.85,52.70001075716252
487,2022-05-03,new york,us,62.31,62.31,62,Meter #98271584,63.42,3,5,2022,503.0,spring,72.31,54.12699789645274
488,2022-05-04,new york,us,55.11,55.11,88,Meter #98271584,64.64,4,5,2022,504.0,spring,65.11,52.53654783408593
489,2022-05-05,new york,us,66.34,66.34,48,Meter #98271584,52.07,5,5,2022,505.0,spring,76.34,55.01720813969416
490,2022-05-06,new york,us,59.63,59.63,84,Meter #98271584,49.19,6,5,2022,506.0,spring,69.63,53.53499703990509
491,2022-05-07,new york,us,48.42,46.0,91,Meter #98271584,51.74,7,5,2022,507.0,spring,58.42,51.058754651136766
492,2022-05-08,new york,us,53.69,53.69,43,Meter #98271584,51.62,8,5,2022,508.0,spring,63.69,52.22287573845247
493,2022-05-09,new york,us,61.97,61.97,22,Meter #98271584,50.57,9,5,2022,509.0,spring,71.97,54.05189331017431
494,2022-05-10,new york,us,67.12,67.12,23,Meter #98271584,47.18,10,5,2022,510.0,spring,77.12,55.18950689645057
495,2022-05-11,new york,us,64.35,64.35,40,Meter #98271584,46.52,11,5,2022,511.0,spring,74.35,54.57762541412333
496,2022-05-12,new york,us,67.44,67.44,69,Meter #98271584,49.01,12,5,2022,512.0,spring,77.44,55.2601935658891
497,2022-05-13,new york,us,64.29,64.29,85,Meter #98271584,45.32,13,5,2022,513.0,spring,74.29,54.564371663603616
498,2022-05-14,new york,us,66.99,66.99,84,Meter #98271584,45.28,14,5,2022,514.0,spring,76.99,55.160790436991164
499,2022-05-15,new york,us,68.7,68.7,83,Meter #98271584,46.56,15,5,2022,515.0,spring,78.7,55.53852232680329
500,2022-05-16,new york,us,73.11,73.11,73,Meter #98271584,46.11,16,5,2022,516.0,spring,83.11,56.512672990002955
501,2022-05-17,new york,us,71.94,71.94,38,Meter #98271584,53.64,17,5,2022,517.0,spring,81.94,56.25422485486835
502,2022-05-18,new york,us,65.25,65.25,36,Meter #98271584,51.72,18,5,2022,518.0,spring,75.25,54.776431671919184
503,2022-05-19,new york,us,56.71,56.71,86,Meter #98271584,49.69,19,5,2022,519.0,spring,66.71000000000001,52.88998118127856
504,2022-05-20,new york,us,70.27,70.27,66,Meter #98271584,48.95,20,5,2022,520.0,spring,80.27,55.88532879873605
505,2022-05-21,new york,us,80.62,83.34,66,Meter #98271584,109.12,21,5,2022,521.0,spring,90.62,58.17160076338834
506,2022-05-22,new york,us,83.86,85.12,51,Meter #98271584,88.97,22,5,2022,522.0,spring,93.86,58.88730329145341
507,2022-05-23,new york,us,69.55,69.55,36,Meter #98271584,51.33,23,5,2022,523.0,spring,79.55,55.726283792499366
508,2022-05-24,new york,us,65.08,65.08,58,Meter #98271584,51.77,24,5,2022,524.0,spring,75.08,54.73887937877997
509,2022-05-25,new york,us,63.34,63.34,60,Meter #98271584,47.86,25,5,2022,525.0,spring,73.34,54.35452061370799
510,2022-05-26,new york,us,65.57,65.57,63,Meter #98271584,47.88,26,5,2022,526.0,spring,75.57,54.847118341357714
511,2022-05-27,new york,us,75.85,75.85,69,Meter #98271584,51.75,27,5,2022,527.0,spring,85.85,57.11792759707032
512,2022-05-28,new york,us,73.33,73.33,73,Meter #98271584,78.86,28,5,2022,528.0,spring,83.33,56.56127007524194
513,2022-05-29,new york,us,71.02,71.02,55,Meter #98271584,88.21,29,5,2022,529.0,spring,81.02,56.05100068023259
514,2022-05-30,new york,us,79.86,79.86,52,Meter #98271584,61.36,30,5,2022,530.0,spring,89.86,58.00371992347184
515,2022-05-31,new york,us,91.15,91.23,37,Meter #98271584,73.55,31,5,2022,531.0,spring,101.15,60.4976339795998
516,2022-06-01,new york,us,71.29,71.29,62,Meter #98271584,50.31,1,6,2022,601.0,spring,81.29,56.110642557571346
517,2022-06-02,new york,us,73.87,73.87,75,Meter #98271584,46.62,2,6,2022,602.0,spring,83.87,56.680553829919454
518,2022-06-03,new york,us,68.5,68.5,82,Meter #98271584,52.1,3,6,2022,603.0,spring,78.5,55.494343158404206
519,2022-06-04,new york,us,74.95,74.95,41,Meter #98271584,48.43,4,6,2022,604.0,spring,84.95,56.919121339274476
520,2022-06-05,new york,us,72.39,72.39,31,Meter #98271584,48.93,5,6,2022,605.0,spring,82.39,56.35362798376627
521,2022-06-06,new york,us,75.9,75.9,33,Meter #98271584,52.31,6,6,2022,606.0,spring,85.9,57.1289723891701
522,2022-06-07,new york,us,75.63,75.63,59,Meter #98271584,47.11,7,6,2022,607.0,spring,85.63,57.06933051183134
523,2022-06-08,new york,us,79.21,79.21,54,Meter #98271584,66.46,8,6,2022,608.0,spring,89.21,57.86013762617483
524,2022-06-09,new york,us,79.75,79.75,54,Meter #98271584,60.06,9,6,2022,609.0,spring,89.75,57.979421380852344
525,2022-06-10,new york,us,73.83,73.83,40,Meter #98271584,47.04,10,6,2022,610.0,spring,83.83,56.671717996239636
526,2022-06-11,new york,us,73.81,73.81,49,Meter #98271584,42.89,11,6,2022,611.0,spring,83.81,56.66730007939973
527,2022-06-12,new york,us,66.36,66.36,88,Meter #98271584,41.36,12,6,2022,612.0,spring,76.36,55.021626056534075
528,2022-06-13,new york,us,80.01,82.34,65,Meter #98271584,51.57,13,6,2022,613.0,spring,90.01,58.03685429977115
529,2022-06-14,new york,us,74.37,74.37,49,Meter #98271584,48.16,14,6,2022,614.0,spring,84.37,56.79100175091715
530,2022-06-15,new york,us,74.77,74.77,56,Meter #98271584,53.03,15,6,2022,615.0,spring,84.77,56.8793600877153
531,2022-06-16,new york,us,69.55,69.55,75,Meter #98271584,44.82,16,6,2022,616.0,spring,79.55,55.726283792499366
532,2022-06-17,new york,us,83.86,87.11,59,Meter #98271584,45.64,17,6,2022,617.0,spring,93.86,58.88730329145341
533,2022-06-18,new york,us,66.52,66.52,48,Meter #98271584,44.44,18,6,2022,618.0,spring,76.52,55.05696939125333
534,2022-06-19,new york,us,66.2,66.2,36,Meter #98271584,53.88,19,6,2022,619.0,spring,76.2,54.98628272181481
535,2022-06-20,new york,us,74.55,74.55,33,Meter #98271584,68.17,20,6,2022,620.0,spring,84.55,56.83076300247632
536,2022-06-21,new york,us,73.8,73.8,50,Meter #98271584,44.4,21,6,2022,621.0,summer,83.8,63.65054282868776
537,2022-06-22,new york,us,66.25,66.25,79,Meter #98271584,49.83,22,6,2022,622.0,summer,76.25,64.5894699860998
538,2022-06-23,new york,us,72.28,72.28,58,Meter #98271584,42.44,23,6,2022,623.0,summer,82.28,63.839571872299196
539,2022-06-24,new york,us,73.49,73.49,67,Meter #98271584,46.65,24,6,2022,624.0,summer,83.49,63.689094804687464
540,2022-06-25,new york,us,87.94,87.94,36,Meter #98271584,69.43,25,6,2022,625.0,summer,97.94,61.89207527824985
541,2022-06-26,new york,us,84.54,86.15,51,Meter #98271584,56.99,26,6,2022,626.0,summer,94.54,62.31490340211752
542,2022-06-27,new york,us,76.87,76.87,76,Meter #98271584,55.84,27,6,2022,627.0,summer,86.87,63.26875390507783
543,2022-06-28,new york,us,75.96,75.96,41,Meter #98271584,54.6,28,6,2022,628.0,summer,85.96,63.38192260881889
544,2022-06-29,new york,us,83.46,83.46,35,Meter #98271584,64.98,29,6,2022,629.0,summer,93.46,62.449213512051955
545,2022-06-30,new york,us,85.1,85.1,36,Meter #98271584,54.43,30,6,2022,630.0,summer,95.1,62.24526112289226
546,2022-07-01,new york,us,85.01,89.56,61,Meter #98271584,57.81,1,7,2022,701.0,summer,95.01,62.25645363205346
547,2022-07-02,new york,us,84.34,87.01,56,Meter #98271584,59.95,2,7,2022,702.0,summer,94.34,62.33977564469797
548,2022-07-03,new york,us,82.83,82.83,39,Meter #98271584,56.87,3,7,2022,703.0,summer,92.83,62.527561076180376
549,2022-07-04,new york,us,83.48,83.48,30,Meter #98271584,51.31,4,7,2022,704.0,summer,93.48,62.446726287793915
550,2022-07-05,new york,us,84.76,84.76,43,Meter #98271584,52.05,5,7,2022,705.0,summer,94.76,62.287543935279025
551,2022-07-06,new york,us,83.68,84.37,48,Meter #98271584,56.04,6,7,2022,706.0,summer,93.68,62.421854045213465
552,2022-07-07,new york,us,79.95,79.95,49,Meter #98271584,53.8,7,7,2022,707.0,summer,89.95,62.88572136933888
553,2022-07-08,new york,us,77.9,77.9,67,Meter #98271584,56.54,8,7,2022,708.0,summer,87.9,63.14066185578851
554,2022-07-09,new york,us,80.65,81.46,51,Meter #98271584,55.45,9,7,2022,709.0,summer,90.65,62.7986685203073
555,2022-07-10,new york,us,78.62,78.62,41,Meter #98271584,74.84,10,7,2022,710.0,summer,88.62,63.05112178249888
556,2022-07-11,new york,us,78.28,78.28,48,Meter #98271584,51.72,11,7,2022,711.0,summer,88.28,63.093404594885655
557,2022-07-12,new york,us,82.35,84.72,59,Meter #98271584,60.39,12,7,2022,712.0,summer,92.35,62.587254458373465
558,2022-07-13,new york,us,86.22,86.22,35,Meter #98271584,62.49,13,7,2022,713.0,summer,96.22,62.10597656444173
559,2022-07-14,new york,us,82.69,84.57,56,Meter #98271584,55.45,14,7,2022,714.0,summer,92.69,62.5449716459867
560,2022-07-15,new york,us,82.26,82.26,39,Meter #98271584,51.09,15,7,2022,715.0,summer,92.26,62.59844696753467
561,2022-07-16,new york,us,82.74,85.75,61,Meter #98271584,52.29,16,7,2022,716.0,summer,92.74,62.53875358534158
562,2022-07-17,new york,us,80.19,82.73,66,Meter #98271584,51.91,17,7,2022,717.0,summer,90.19,62.855874678242344
563,2022-07-18,new york,us,81.79,87.69,78,Meter #98271584,54.39,18,7,2022,718.0,summer,91.79,62.65689673759873
564,2022-07-19,new york,us,86.27,86.93,45,Meter #98271584,59.34,19,7,2022,719.0,summer,96.27,62.099758503796615
565,2022-07-20,new york,us,90.28,94.21,48,Meter #98271584,61.26,20,7,2022,720.0,summer,100.28,61.601070040058566
566,2022-07-21,new york,us,90.57,100.46,59,Meter #98271584,56.95,21,7,2022,721.0,summer,100.57,61.56500528831691
567,2022-07-22,new york,us,91.56,91.56,33,Meter #98271584,57.32,22,7,2022,722.0,summer,101.56,61.44188768754368
568,2022-07-23,new york,us,91.81,92.75,38,Meter #98271584,59.99,23,7,2022,723.0,summer,101.81,61.41079738431811
569,2022-07-24,new york,us,91.24,91.24,36,Meter #98271584,66.48,24,7,2022,724.0,summer,101.24,61.481683275672395
570,2022-07-25,new york,us,86.4,92.76,62,Meter #98271584,71.12,25,7,2022,725.0,summer,96.4,62.08359154611932
571,2022-07-26,new york,us,78.33,78.33,46,Meter #98271584,59.6,26,7,2022,726.0,summer,88.33,63.08718653424054
572,2022-07-27,new york,us,79.77,79.77,50,Meter #98271584,61.12,27,7,2022,727.0,summer,89.77,62.90810638766129
573,2022-07-28,new york,us,81.95,87.3,74,Meter #98271584,54.48,28,7,2022,728.0,summer,91.95,62.636998943534365
574,2022-07-29,new york,us,83.23,85.44,56,Meter #98271584,56.93,29,7,2022,729.0,summer,93.23,62.477816591019476
575,2022-07-30,new york,us,83.89,83.89,38,Meter #98271584,62.0,30,7,2022,730.0,summer,93.89,62.39573819050399
576,2022-07-31,new york,us,79.99,79.99,53,Meter #98271584,100.68,31,7,2022,731.0,summer,89.99,62.88074692082279
577,2022-08-01,new york,us,70.03,70.03,90,Meter #98271584,48.94,1,8,2022,801.0,summer,80.03,64.11938460132927
578,2022-08-02,new york,us,84.96,88.8,59,Meter #98271584,68.95,2,8,2022,802.0,summer,94.96,62.262671692698575
579,2022-08-03,new york,us,84.56,85.45,48,Meter #98271584,68.61,3,8,2022,803.0,summer,94.56,62.312416177859475
580,2022-08-04,new york,us,88.63,93.09,52,Meter #98271584,67.16,4,8,2022,804.0,summer,98.63,61.806266041347286
581,2022-08-05,new york,us,80.91,84.01,67,Meter #98271584,63.66,5,8,2022,805.0,summer,90.91,62.76633460495272
582,2022-08-06,new york,us,84.61,89.99,65,Meter #98271584,61.86,6,8,2022,806.0,summer,94.61,62.306198117214365
583,2022-08-07,new york,us,86.7,93.95,64,Meter #98271584,63.26,7,8,2022,807.0,summer,96.7,62.046283182248644
584,2022-08-08,new york,us,87.84,95.55,62,Meter #98271584,74.81,8,8,2022,808.0,summer,97.84,61.90451139954007
585,2022-08-09,new york,us,92.16,99.55,51,Meter #98271584,70.92,9,8,2022,809.0,summer,102.16,61.36727095980232
586,2022-08-10,new york,us,83.86,84.84,49,Meter #98271584,66.97,10,8,2022,810.0,summer,93.86,62.399469026891055
587,2022-08-11,new york,us,81.32,82.67,55,Meter #98271584,69.99,11,8,2022,811.0,summer,91.32,62.71534650766279
588,2022-08-12,new york,us,80.38,80.38,37,Meter #98271584,74.79,12,8,2022,812.0,summer,90.38,62.83224604779091
589,2022-08-13,new york,us,75.25,75.25,43,Meter #98271584,96.17,13,8,2022,813.0,summer,85.25,63.47021906997949
590,2022-08-14,new york,us,78.51,78.51,38,Meter #98271584,85.26,14,8,2022,814.0,summer,88.51,63.064801515918134
591,2022-08-15,new york,us,76.93,76.93,50,Meter #98271584,73.72,15,8,2022,815.0,summer,86.93,63.261292232303695
592,2022-08-16,new york,us,78.58,78.58,46,Meter #98271584,61.74,16,8,2022,816.0,summer,88.58,63.056096231014976
593,2022-08-17,new york,us,75.07,75.07,49,Meter #98271584,58.78,17,8,2022,817.0,summer,85.07,63.492604088301896
594,2022-08-18,new york,us,81.93,81.93,39,Meter #98271584,71.0,18,8,2022,818.0,summer,91.93,62.63948616779241
595,2022-08-19,new york,us,84.76,84.76,39,Meter #98271584,60.74,19,8,2022,819.0,summer,94.76,62.287543935279025
596,2022-08-20,new york,us,83.75,86.03,56,Meter #98271584,58.59,20,8,2022,820.0,summer,93.75,62.41314876031031
597,2022-08-21,new york,us,80.62,82.87,62,Meter #98271584,66.35,21,8,2022,821.0,summer,90.62,62.802399356694366
598,2022-08-22,new york,us,74.16,74.16,92,Meter #98271584,59.95,22,8,2022,822.0,summer,84.16,63.60577279204295
599,2022-08-23,new york,us,79.68,79.68,69,Meter #98271584,74.54,23,8,2022,823.0,summer,89.68,62.91929889682249
600,2022-08-24,new york,us,84.03,85.04,49,Meter #98271584,69.09,24,8,2022,824.0,summer,94.03,62.378327620697675
601,2022-08-25,new york,us,86.05,86.05,39,Meter #98271584,65.5,25,8,2022,825.0,summer,96.05,62.12711797063511
602,2022-08-26,new york,us,83.86,88.1,63,Meter #98271584,53.93,26,8,2022,826.0,summer,93.86,62.399469026891055
603,2022-08-27,new york,us,84.7,85.91,49,Meter #98271584,49.92,27,8,2022,827.0,summer,94.7,62.29500560805316
604,2022-08-28,new york,us,78.94,78.94,68,Meter #98271584,51.98,28,8,2022,828.0,summer,88.94,63.01132619437016
605,2022-08-30,new york,us,82.81,87.01,66,Meter #98271584,72.81,30,8,2022,830.0,summer,92.81,62.53004830043842
606,2022-08-31,new york,us,78.55,78.55,56,Meter #98271584,63.12,31,8,2022,831.0,summer,88.55,63.05982706740204
607,2022-09-01,new york,us,79.2,79.2,39,Meter #98271584,58.53,1,9,2022,901.0,summer,89.2,62.97899227901557
608,2022-09-02,new york,us,73.27,73.27,52,Meter #98271584,45.2,2,9,2022,902.0,summer,83.27,63.71645427152596
609,2022-09-03,new york,us,76.21,76.21,59,Meter #98271584,39.23,3,9,2022,903.0,summer,86.21,63.35083230559332
610,2022-09-04,new york,us,80.31,82.48,62,Meter #98271584,49.12,4,9,2022,904.0,summer,90.31,62.84095133269407
611,2022-09-05,new york,us,79.61,79.61,74,Meter #98271584,61.23,5,9,2022,905.0,summer,89.61,62.92800418172565
612,2022-09-06,new york,us,71.46,71.46,93,Meter #98271584,49.36,6,9,2022,906.0,summer,81.46,63.941548066879044
613,2022-09-07,new york,us,69.57,69.57,77,Meter #98271584,68.18,7,9,2022,907.0,summer,79.57,64.17659075926431
614,2022-09-08,new york,us,73.89,73.89,58,Meter #98271584,64.03,8,9,2022,908.0,summer,83.89,63.63935031952656
615,2022-09-09,new york,us,74.77,74.77,45,Meter #98271584,67.37,9,9,2022,909.0,summer,84.77,63.529912452172574
616,2022-09-10,new york,us,77.0,77.0,42,Meter #98271584,94.73,10,9,2022,910.0,summer,87.0,63.25258694740054
617,2022-09-11,new york,us,73.09,73.09,74,Meter #98271584,77.41,11,9,2022,911.0,summer,83.09,63.738839289848364
618,2022-09-12,new york,us,73.74,73.74,79,Meter #98271584,89.51,12,9,2022,912.0,summer,83.74,63.6580045014619
619,2022-09-13,new york,us,77.76,77.76,78,Meter #98271584,78.56,13,9,2022,913.0,summer,87.76,63.158072425594824
620,2022-09-14,new york,us,72.39,72.39,54,Meter #98271584,101.58,14,9,2022,914.0,summer,82.39,63.825892138879944
621,2022-09-15,new york,us,67.78,67.78,48,Meter #98271584,128.6,15,9,2022,915.0,summer,77.78,64.39919733035936
622,2022-09-16,new york,us,67.26,67.26,39,Meter #98271584,77.02,16,9,2022,916.0,summer,77.26,64.46386516106853
623,2022-09-17,new york,us,70.48,70.48,54,Meter #98271584,69.59,17,9,2022,917.0,summer,80.48,64.06342205552326
624,2022-09-18,new york,us,76.08,76.08,61,Meter #98271584,70.95,18,9,2022,918.0,summer,86.08,63.366999263270614
625,2022-09-19,new york,us,80.35,81.56,54,Meter #98271584,82.88,19,9,2022,919.0,summer,90.35,62.83597688417798
626,2022-09-20,new york,us,73.72,73.72,57,Meter #98271584,71.72,20,9,2022,920.0,summer,83.72,63.66049172571994
627,2022-09-21,new york,us,71.67,71.67,59,Meter #98271584,81.4,21,9,2022,921.0,fall,81.67,48.32063110650238
628,2022-09-22,new york,us,72.84,72.84,82,Meter #98271584,49.82,22,9,2022,922.0,fall,82.84,47.89044537105405
629,2022-09-23,new york,us,57.63,57.63,45,Meter #98271584,39.9,23,9,2022,923.0,fall,67.63,53.48285993188236
630,2022-09-24,new york,us,61.41,61.41,43,Meter #98271584,41.9,24,9,2022,924.0,fall,71.41,52.093029094280055
631,2022-09-25,new york,us,67.73,67.73,63,Meter #98271584,38.82,25,9,2022,925.0,fall,77.73,49.769290762627534
632,2022-09-26,new york,us,68.63,68.63,58,Meter #98271584,45.73,26,9,2022,926.0,fall,78.63,49.438378658436505
633,2022-09-27,new york,us,65.7,65.7,49,Meter #98271584,44.26,27,9,2022,927.0,fall,75.7,50.51568139763617
634,2022-09-28,new york,us,63.86,63.86,55,Meter #98271584,52.58,28,9,2022,928.0,fall,73.86,51.19221281064893
635,2022-09-29,new york,us,61.63,61.63,55,Meter #98271584,55.79,29,9,2022,929.0,fall,71.63,52.01213946881114
636,2022-09-30,new york,us,58.89,58.89,60,Meter #98271584,51.95,30,9,2022,930.0,fall,68.89,53.019582986014925
637,2022-10-01,new york,us,55.08,55.08,94,Meter #98271584,58.63,1,10,2022,1001.0,fall,65.08,54.42044422709026
638,2022-10-02,new york,us,56.44,56.44,84,Meter #98271584,53.48,2,10,2022,1002.0,fall,66.44,53.92039926964604
639,2022-10-03,new york,us,52.79,52.79,58,Meter #98271584,57.32,3,10,2022,1003.0,fall,62.79,55.262431692198525
640,2022-10-04,new york,us,52.72,52.72,88,Meter #98271584,63.91,4,10,2022,1004.0,fall,62.72,55.28816930030227
641,2022-10-05,new york,us,57.43,57.43,89,Meter #98271584,59.64,5,10,2022,1005.0,fall,67.43,53.55639595503591
642,2022-10-06,new york,us,65.1,65.1,52,Meter #98271584,52.02,6,10,2022,1006.0,fall,75.1,50.73628946709686
643,2022-10-07,new york,us,69.78,69.78,53,Meter #98271584,43.4,7,10,2022,1007.0,fall,79.78,49.015546525303535
644,2022-10-08,new york,us,55.2,55.2,51,Meter #98271584,57.5,8,10,2022,1008.0,fall,65.2,54.37632261319811
645,2022-10-09,new york,us,56.61,56.61,47,Meter #98271584,53.49,9,10,2022,1009.0,fall,66.61,53.85789364996552
646,2022-10-10,new york,us,60.51,60.51,48,Meter #98271584,53.92,10,10,2022,1010.0,fall,70.50999999999999,52.423941198471084
647,2022-10-11,new york,us,62.53,62.53,54,Meter #98271584,57.4,11,10,2022,1011.0,fall,72.53,51.68122736462011
648,2022-10-12,new york,us,65.3,65.3,50,Meter #98271584,55.3,12,10,2022,1012.0,fall,75.3,50.662753443943295
649,2022-10-13,new york,us,70.02,70.02,71,Meter #98271584,50.68,13,10,2022,1013.0,fall,80.02,48.92730329751926
650,2022-10-14,new york,us,58.93,58.93,71,Meter #98271584,73.75,14,10,2022,1014.0,fall,68.93,53.0048757813842
651,2022-10-15,new york,us,64.4,64.4,54,Meter #98271584,76.49,15,10,2022,1015.0,fall,74.4,50.99366554813432
652,2022-10-16,new york,us,59.32,59.32,60,Meter #98271584,57.62,16,10,2022,1016.0,fall,69.32,52.861480536234765
653,2022-10-17,new york,us,63.37,63.37,71,Meter #98271584,60.8,17,10,2022,1017.0,fall,73.37,51.37237606737516
654,2022-10-18,new york,us,51.35,51.35,48,Meter #98271584,58.3,18,10,2022,1018.0,fall,61.35,55.79189105890416
655,2022-10-19,new york,us,50.72,50.72,45,Meter #98271584,64.71,19,10,2022,1019.0,fall,60.72,56.02352953183788
656,2022-10-20,new york,us,54.23,54.23,41,Meter #98271584,61.44,20,10,2022,1020.0,fall,64.22999999999999,54.732972325492895
657,2022-10-21,new york,us,57.99,57.99,46,Meter #98271584,62.58,21,10,2022,1021.0,fall,67.99000000000001,53.35049509020594
658,2022-10-22,new york,us,61.5,61.5,48,Meter #98271584,57.45,22,10,2022,1022.0,fall,71.5,52.059937883860954
659,2022-10-23,new york,us,59.97,59.97,61,Meter #98271584,58.84,23,10,2022,1023.0,fall,69.97,52.62248846098569
660,2022-10-24,new york,us,57.16,57.16,92,Meter #98271584,56.83,24,10,2022,1024.0,fall,67.16,53.65566958629322
661,2022-10-25,new york,us,67.96,67.96,96,Meter #98271584,48.83,25,10,2022,1025.0,fall,77.96,49.68472433600094
662,2022-10-26,new york,us,66.56,66.56,90,Meter #98271584,49.12,26,10,2022,1026.0,fall,76.56,50.19947649807586
663,2022-10-27,new york,us,60.71,60.71,50,Meter #98271584,54.0,27,10,2022,1027.0,fall,70.71000000000001,52.35040517531751
664,2022-10-28,new york,us,51.82,51.82,51,Meter #98271584,65.18,28,10,2022,1028.0,fall,61.82,55.61908140449329
665,2022-10-29,new york,us,53.2,53.2,54,Meter #98271584,64.46,29,10,2022,1029.0,fall,63.2,55.11168284473372
666,2022-10-30,new york,us,57.07,57.07,48,Meter #98271584,67.76,30,10,2022,1030.0,fall,67.07,53.68876079671233
667,2022-10-31,new york,us,60.42,60.42,68,Meter #98271584,59.64,31,10,2022,1031.0,fall,70.42,52.45703240889018
668,2022-11-01,new york,us,63.61,63.61,85,Meter #98271584,52.67,1,11,2022,1101.0,fall,73.61,51.28413283959088
669,2022-11-02,new york,us,63.9,63.9,53,Meter #98271584,45.04,2,11,2022,1102.0,fall,73.9,51.177505606018215
670,2022-11-03,new york,us,63.54,63.54,61,Meter #98271584,48.03,3,11,2022,1103.0,fall,73.53999999999999,51.309870447694635
671,2022-11-04,new york,us,63.07,63.07,79,Meter #98271584,48.14,4,11,2022,1104.0,fall,73.07,51.482680102105505
672,2022-11-05,new york,us,72.46,72.46,68,Meter #98271584,46.09,5,11,2022,1105.0,fall,82.46,48.030163815045825
673,2022-11-06,new york,us,74.34,74.34,66,Meter #98271584,34.18,6,11,2022,1106.0,fall,84.34,47.33892519740235
674,2022-11-07,new york,us,75.51,75.51,44,Meter #98271584,36.44,7,11,2022,1107.0,fall,85.51,46.90873946195401
675,2022-11-08,new york,us,54.45,54.45,33,Meter #98271584,46.13,8,11,2022,1108.0,fall,64.45,54.65208270002397
676,2022-11-09,new york,us,51.24,51.24,41,Meter #98271584,52.35,9,11,2022,1109.0,fall,61.24,55.83233587163862
677,2022-11-10,new york,us,60.48,60.48,58,Meter #98271584,49.78,10,11,2022,1110.0,fall,70.47999999999999,52.43497160194411
678,2022-11-11,new york,us,67.1,67.1,85,Meter #98271584,48.42,11,11,2022,1111.0,fall,77.1,50.00092923556125
679,2022-11-12,new york,us,67.62,67.62,54,Meter #98271584,34.48,12,11,2022,1112.0,fall,77.62,49.809735575361984
680,2022-11-13,new york,us,51.06,51.06,54,Meter #98271584,46.51,13,11,2022,1113.0,fall,61.06,55.89851829247682
681,2022-11-14,new york,us,43.07,43.07,45,Meter #98271584,46.21,14,11,2022,1114.0,fall,53.07,58.83628241746158
682,2022-11-15,new york,us,43.88,43.88,51,Meter #98271584,51.51,15,11,2022,1115.0,fall,53.88,58.53846152368966
683,2022-11-16,new york,us,47.86,45.92,67,Meter #98271584,54.31,16,11,2022,1116.0,fall,57.86,57.0750946629338
684,2022-11-17,new york,us,43.88,41.05,46,Meter #98271584,53.53,17,11,2022,1117.0,fall,53.88,58.53846152368966
685,2022-11-18,new york,us,40.87,36.66,39,Meter #98271584,55.84,18,11,2022,1118.0,fall,50.87,59.64517867215075
686,2022-11-19,new york,us,36.81,32.74,40,Meter #98271584,61.21,19,11,2022,1119.0,fall,46.81,61.13795994216804
687,2022-11-20,new york,us,34.93,30.03,28,Meter #98271584,64.4,20,11,2022,1120.0,fall,44.93,61.8291985598115
688,2022-11-21,new york,us,37.65,34.88,38,Meter #98271584,70.98,21,11,2022,1121.0,fall,47.65,60.82910864492308
689,2022-11-22,new york,us,48.67,48.67,37,Meter #98271584,56.92,22,11,2022,1122.0,fall,58.67,56.77727376916188
690,2022-11-23,new york,us,52.47,52.47,35,Meter #98271584,54.36,23,11,2022,1123.0,fall,62.47,55.38008932924422
691,2022-11-24,new york,us,50.94,50.94,53,Meter #98271584,54.79,24,11,2022,1124.0,fall,60.94,55.94263990636897
692,2022-11-25,new york,us,49.78,47.63,84,Meter #98271584,46.69,25,11,2022,1125.0,fall,59.78,56.36914884065962
693,2022-11-26,new york,us,50.57,50.57,40,Meter #98271584,49.78,26,11,2022,1126.0,fall,60.57,56.078681549203054
694,2022-11-27,new york,us,53.33,53.33,60,Meter #98271584,53.45,27,11,2022,1127.0,fall,63.33,55.06388442968391
695,2022-11-28,new york,us,52.18,52.18,51,Meter #98271584,55.4,28,11,2022,1128.0,fall,62.18,55.48671656281688
696,2022-11-29,new york,us,43.41,43.41,55,Meter #98271584,58.46,29,11,2022,1129.0,fall,53.41,58.71127117810053
697,2022-11-30,new york,us,56.23,56.23,87,Meter #98271584,63.99,30,11,2022,1130.0,fall,66.22999999999999,53.99761209395729
698,2022-12-01,new york,us,40.48,37.06,39,Meter #98271584,72.02,1,12,2022,1201.0,fall,50.48,59.7885739173002
699,2022-12-02,new york,us,39.97,37.31,49,Meter #98271584,76.15,2,12,2022,1202.0,fall,49.97,59.97609077634178
700,2022-12-03,new york,us,55.99,55.99,91,Meter #98271584,61.02,3,12,2022,1203.0,fall,65.99000000000001,54.08585532174155
701,2022-12-04,new york,us,43.77,43.77,39,Meter #98271584,70.46,4,12,2022,1204.0,fall,53.77,58.57890633642412
702,2022-12-05,new york,us,44.8,42.58,33,Meter #98271584,67.7,5,12,2022,1205.0,fall,54.8,58.200195817183285
703,2022-12-06,new york,us,58.71,58.71,77,Meter #98271584,61.68,6,12,2022,1206.0,fall,68.71000000000001,53.08576540685312
704,2022-12-07,new york,us,58.19,58.19,94,Meter #98271584,60.74,7,12,2022,1207.0,fall,68.19,53.27695906705239
705,2022-12-08,new york,us,53.29,53.29,49,Meter #98271584,51.81,8,12,2022,1208.0,fall,63.29,55.07859163431462
706,2022-12-09,new york,us,41.45,39.88,48,Meter #98271584,65.21,9,12,2022,1209.0,fall,51.45,59.43192420500542
707,2022-12-10,new york,us,37.24,37.24,59,Meter #98271584,69.41,10,12,2022,1210.0,fall,47.24,60.97985749238788
708,2022-12-11,new york,us,40.24,40.24,74,Meter #98271584,68.05,11,12,2022,1211.0,fall,50.24,59.876817145084466
709,2022-12-12,new york,us,37.04,37.04,73,Meter #98271584,92.52,12,12,2022,1212.0,fall,47.04,61.053393515541444
710,2022-12-13,new york,us,33.51,33.51,51,Meter #98271584,87.19,13,12,2022,1213.0,fall,43.51,62.35130432420179
711,2022-12-14,new york,us,36.7,36.7,38,Meter #98271584,90.6,14,12,2022,1214.0,fall,46.7,61.17840475490249
712,2022-12-15,new york,us,39.65,39.65,73,Meter #98271584,84.13,15,12,2022,1215.0,fall,49.65,60.09374841338747
713,2022-12-16,new york,us,44.89,42.69,91,Meter #98271584,71.98,16,12,2022,1216.0,fall,54.89,58.16710460676418
714,2022-12-17,new york,us,43.66,42.08,53,Meter #98271584,83.17,17,12,2022,1217.0,fall,53.66,58.619351149158575
715,2022-12-18,new york,us,37.98,34.94,47,Meter #98271584,86.92,18,12,2022,1218.0,fall,47.98,60.707774206719705
716,2022-12-19,new york,us,36.77,33.25,46,Meter #98271584,96.41,19,12,2022,1219.0,fall,46.77,61.15266714679875
717,2022-12-20,new york,us,36.54,34.31,47,Meter #98271584,92.64,20,12,2022,1220.0,fall,46.54,61.23723357342534
718,2022-12-21,new york,us,35.87,35.87,57,Meter #98271584,90.87,21,12,2022,1221.0,winter,45.87,66.29178945148863
719,2022-12-22,new york,us,42.22,40.76,81,Meter #98271584,82.65,22,12,2022,1222.0,winter,52.22,59.55278301934569
720,2022-12-23,new york,us,48.76,47.18,84,Meter #98271584,92.1,23,12,2022,1223.0,winter,58.76,52.6121370246662
721,2022-12-24,new york,us,11.48,0.34,45,Meter #98271584,132.93,24,12,2022,1224.0,winter,21.48,92.17594171605019
722,2022-12-25,new york,us,24.66,17.29,48,Meter #98271584,124.61,25,12,2022,1225.0,winter,34.66,78.18852364114566
723,2022-12-26,new york,us,25.95,25.95,46,Meter #98271584,113.46,26,12,2022,1226.0,winter,35.95,76.81949713760795
724,2022-12-27,new york,us,32.56,29.8,46,Meter #98271584,89.22,27,12,2022,1227.0,winter,42.56,69.80456288304657
725,2022-12-28,new york,us,40.87,38.02,50,Meter #98271584,78.53,28,12,2022,1228.0,winter,50.87,60.98548517421072
726,2022-12-29,new york,us,44.24,43.05,52,Meter #98271584,82.19,29,12,2022,1229.0,winter,54.24,57.40903609132541
727,2022-12-30,new york,us,51.44,51.44,52,Meter #98271584,63.33,30,12,2022,1230.0,winter,61.44,49.76795793204525
728,2022-12-31,new york,us,52.59,52.59,90,Meter #98271584,51.56,31,12,2022,1231.0,winter,62.59,48.54750794827132
