,place.name,place.country,periods.dateTimeISO,periods.tempF,periods.feelslikeF,periods.humidity
0,new york,us,2021-01-01T12:00:00-05:00,39.94,39.94,62
1,new york,us,2021-01-02T12:00:00-05:00,52.54,52.54,62
2,new york,us,2021-01-03T12:00:00-05:00,37.8,31.51,86
3,new york,us,2021-01-04T12:00:00-05:00,44.39,42.7,67
4,new york,us,2021-01-05T12:00:00-05:00,40.32,40.32,69
5,new york,us,2021-01-06T12:00:00-05:00,43.2,40.98,50
6,new york,us,2021-01-07T12:00:00-05:00,42.36,40.92,44
7,new york,us,2021-01-08T12:00:00-05:00,37.32,34.49,52
8,new york,us,2021-01-09T12:00:00-05:00,37.15,33.15,44
9,new york,us,2021-01-10T12:00:00-05:00,39.3,39.3,44
10,new york,us,2021-01-11T12:00:00-05:00,34.95,34.95,60
11,new york,us,2021-01-12T12:00:00-05:00,44.5,44.5,48
12,new york,us,2021-01-13T12:00:00-05:00,43.32,41.75,51
13,new york,us,2021-01-14T12:00:00-05:00,48.28,48.28,55
14,new york,us,2021-01-15T12:00:00-05:00,42.84,38.62,80
15,new york,us,2021-01-16T12:00:00-05:00,45.0,43.2,86
16,new york,us,2021-01-17T12:00:00-05:00,43.11,38.75,50
17,new york,us,2021-01-18T12:00:00-05:00,45.16,40.28,51
18,new york,us,2021-01-19T12:00:00-05:00,43.19,39.5,43
19,new york,us,2021-01-20T12:00:00-05:00,41.41,38.39,49
20,new york,us,2021-01-21T12:00:00-05:00,39.3,34.34,49
21,new york,us,2021-01-22T12:00:00-05:00,44.02,39.17,41
22,new york,us,2021-01-23T12:00:00-05:00,33.93,28.6,38
23,new york,us,2021-01-24T12:00:00-05:00,32.33,28.09,35
24,new york,us,2021-01-25T12:00:00-05:00,36.49,32.66,37
25,new york,us,2021-01-26T12:00:00-05:00,35.07,30.14,64
26,new york,us,2021-01-27T12:00:00-05:00,37.89,34.55,62
27,new york,us,2021-01-28T12:00:00-05:00,36.3,32.42,41
28,new york,us,2021-01-29T12:00:00-05:00,26.11,19.03,44
29,new york,us,2021-01-30T12:00:00-05:00,29.43,26.2,48
30,new york,us,2021-01-31T12:00:00-05:00,25.86,20.22,69
31,new york,us,2021-02-01T12:00:00-05:00,29.93,21.27,93
32,new york,us,2021-02-02T12:00:00-05:00,33.9,30.22,88
33,new york,us,2021-02-03T12:00:00-05:00,37.36,37.36,64
34,new york,us,2021-02-04T12:00:00-05:00,41.07,38.81,48
35,new york,us,2021-02-05T12:00:00-05:00,42.29,42.29,78
36,new york,us,2021-02-06T12:00:00-05:00,43.24,37.2,33
37,new york,us,2021-02-07T12:00:00-05:00,33.77,28.79,92
38,new york,us,2021-02-08T12:00:00-05:00,35.17,35.17,37
39,new york,us,2021-02-09T12:00:00-05:00,33.8,29.18,80
40,new york,us,2021-02-10T12:00:00-05:00,33.23,29.89,47
41,new york,us,2021-02-11T12:00:00-05:00,31.15,31.15,74
42,new york,us,2021-02-12T12:00:00-05:00,29.17,29.17,43
43,new york,us,2021-02-13T12:00:00-05:00,30.74,23.45,54
44,new york,us,2021-02-14T12:00:00-05:00,36.23,32.74,69
45,new york,us,2021-02-15T12:00:00-05:00,36.03,32.51,69
46,new york,us,2021-02-16T12:00:00-05:00,44.58,41.54,89
47,new york,us,2021-02-17T12:00:00-05:00,31.33,31.33,40
48,new york,us,2021-02-18T12:00:00-05:00,28.27,20.68,94
49,new york,us,2021-02-19T12:00:00-05:00,33.03,27.23,84
50,new york,us,2021-02-20T12:00:00-05:00,36.1,33.33,49
51,new york,us,2021-02-21T12:00:00-05:00,36.16,33.83,40
52,new york,us,2021-02-22T12:00:00-05:00,34.54,34.54,80
53,new york,us,2021-02-23T12:00:00-05:00,40.02,36.8,70
54,new york,us,2021-02-24T12:00:00-05:00,50.62,50.62,46
55,new york,us,2021-02-25T12:00:00-05:00,48.37,47.45,31
56,new york,us,2021-02-26T12:00:00-05:00,44.48,42.73,37
57,new york,us,2021-02-27T12:00:00-05:00,47.43,47.43,96
58,new york,us,2021-02-28T12:00:00-05:00,43.93,40.14,63
59,new york,us,2021-03-01T12:00:00-05:00,44.39,42.51,93
60,new york,us,2021-03-02T12:00:00-05:00,33.28,28.89,33
61,new york,us,2021-03-03T12:00:00-05:00,46.72,43.66,35
62,new york,us,2021-03-04T12:00:00-05:00,43.05,40.81,45
63,new york,us,2021-03-05T12:00:00-05:00,37.44,33.24,25
64,new york,us,2021-03-06T12:00:00-05:00,35.13,31.47,41
65,new york,us,2021-03-07T12:00:00-05:00,38.43,34.3,36
66,new york,us,2021-03-08T12:00:00-05:00,38.5,38.5,30
67,new york,us,2021-03-09T12:00:00-05:00,60.18,60.18,31
68,new york,us,2021-03-10T12:00:00-05:00,52.68,52.68,53
69,new york,us,2021-03-11T12:00:00-05:00,65.1,65.1,38
70,new york,us,2021-03-12T12:00:00-05:00,63.82,63.82,27
71,new york,us,2021-03-13T12:00:00-05:00,45.25,42.28,23
72,new york,us,2021-03-14T12:00:00-04:00,52.36,52.36,28
73,new york,us,2021-03-15T12:00:00-04:00,34.33,30.11,25
74,new york,us,2021-03-16T12:00:00-04:00,34.2,34.2,38
75,new york,us,2021-03-17T12:00:00-04:00,42.7,42.7,74
76,new york,us,2021-03-18T12:00:00-04:00,44.96,43.14,92
77,new york,us,2021-03-19T12:00:00-04:00,39.17,35.62,34
78,new york,us,2021-03-20T12:00:00-04:00,47.81,47.81,39
79,new york,us,2021-03-21T12:00:00-04:00,56.86,56.86,25
80,new york,us,2021-03-22T12:00:00-04:00,56.6,56.6,34
81,new york,us,2021-03-23T12:00:00-04:00,53.78,53.78,65
82,new york,us,2021-03-24T12:00:00-04:00,54.95,54.95,72
83,new york,us,2021-03-25T12:00:00-04:00,54.99,54.99,96
84,new york,us,2021-03-26T12:00:00-04:00,66.34,66.34,83
85,new york,us,2021-03-27T12:00:00-04:00,60.95,60.95,48
86,new york,us,2021-03-28T12:00:00-04:00,53.14,53.14,93
87,new york,us,2021-03-29T12:00:00-04:00,51.27,51.27,38
88,new york,us,2021-03-30T12:00:00-04:00,55.42,55.42,42
89,new york,us,2021-03-31T12:00:00-04:00,60.39,60.39,75
90,new york,us,2021-04-01T12:00:00-04:00,43.22,41.0,74
91,new york,us,2021-04-02T12:00:00-04:00,36.23,32.62,41
92,new york,us,2021-04-03T12:00:00-04:00,46.39,46.39,22
93,new york,us,2021-04-04T12:00:00-04:00,53.64,53.64,34
94,new york,us,2021-04-05T12:00:00-04:00,61.56,61.56,20
95,new york,us,2021-04-06T12:00:00-04:00,61.22,61.22,20
96,new york,us,2021-04-07T12:00:00-04:00,61.56,61.56,37
97,new york,us,2021-04-08T12:00:00-04:00,62.81,62.81,46
98,new york,us,2021-04-09T12:00:00-04:00,53.79,53.79,70
99,new york,us,2021-04-10T12:00:00-04:00,55.84,55.84,82
100,new york,us,2021-04-11T12:00:00-04:00,55.97,55.97,97
101,new york,us,2021-04-12T12:00:00-04:00,48.88,45.67,69
102,new york,us,2021-04-13T12:00:00-04:00,55.59,55.59,52
103,new york,us,2021-04-14T12:00:00-04:00,64.21,64.21,51
104,new york,us,2021-04-15T12:00:00-04:00,52.27,52.27,93
105,new york,us,2021-04-16T12:00:00-04:00,51.01,51.01,53
106,new york,us,2021-04-17T12:00:00-04:00,52.33,52.33,53
107,new york,us,2021-04-18T12:00:00-04:00,59.36,59.36,45
108,new york,us,2021-04-19T12:00:00-04:00,65.17,65.17,39
109,new york,us,2021-04-20T12:00:00-04:00,68.58,68.58,38
110,new york,us,2021-04-21T12:00:00-04:00,65.75,65.75,57
111,new york,us,2021-04-22T12:00:00-04:00,46.24,43.62,31
112,new york,us,2021-04-23T12:00:00-04:00,55.37,55.37,29
113,new york,us,2021-04-24T12:00:00-04:00,66.85,66.85,28
114,new york,us,2021-04-25T12:00:00-04:00,52.2,52.2,80
115,new york,us,2021-04-26T12:00:00-04:00,54.36,54.36,32
116,new york,us,2021-04-27T12:00:00-04:00,56.54,56.54,29
117,new york,us,2021-04-28T12:00:00-04:00,71.25,71.25,44
118,new york,us,2021-04-29T12:00:00-04:00,67.8,67.8,67
119,new york,us,2021-04-30T12:00:00-04:00,66.33,66.33,36
120,new york,us,2021-05-01T12:00:00-04:00,57.42,57.42,42
121,new york,us,2021-05-02T12:00:00-04:00,63.37,63.37,45
122,new york,us,2021-05-03T12:00:00-04:00,62.03,62.03,58
123,new york,us,2021-05-04T12:00:00-04:00,61.44,61.44,81
124,new york,us,2021-05-05T12:00:00-04:00,53.92,53.92,91
125,new york,us,2021-05-06T12:00:00-04:00,62.41,62.41,35
126,new york,us,2021-05-07T12:00:00-04:00,65.23,65.23,38
127,new york,us,2021-05-08T12:00:00-04:00,54.16,54.16,65
128,new york,us,2021-05-09T12:00:00-04:00,62.34,62.34,42
129,new york,us,2021-05-10T12:00:00-04:00,57.99,57.99,64
130,new york,us,2021-05-11T12:00:00-04:00,63.43,63.43,32
131,new york,us,2021-05-12T12:00:00-04:00,62.48,62.48,39
132,new york,us,2021-05-13T12:00:00-04:00,68.72,68.72,27
133,new york,us,2021-05-14T12:00:00-04:00,72.12,72.12,31
134,new york,us,2021-05-15T12:00:00-04:00,73.93,73.93,30
135,new york,us,2021-05-16T12:00:00-04:00,71.6,71.6,34
136,new york,us,2021-05-17T12:00:00-04:00,74.68,74.68,34
137,new york,us,2021-05-18T12:00:00-04:00,77.67,77.67,33
138,new york,us,2021-05-19T12:00:00-04:00,81.36,81.36,29
139,new york,us,2021-05-20T12:00:00-04:00,73.78,73.78,24
140,new york,us,2021-05-21T12:00:00-04:00,74.74,74.74,35
141,new york,us,2021-05-22T12:00:00-04:00,80.11,80.53,46
142,new york,us,2021-05-23T12:00:00-04:00,86.47,86.88,44
143,new york,us,2021-05-24T12:00:00-04:00,64.24,64.24,47
144,new york,us,2021-05-25T12:00:00-04:00,70.25,70.25,50
145,new york,us,2021-05-26T12:00:00-04:00,78.64,78.64,64
146,new york,us,2021-05-27T12:00:00-04:00,80.38,80.38,41
147,new york,us,2021-05-28T12:00:00-04:00,66.79,66.79,37
148,new york,us,2021-05-29T12:00:00-04:00,50.95,50.95,86
149,new york,us,2021-05-30T12:00:00-04:00,51.12,51.12,89
150,new york,us,2021-05-31T12:00:00-04:00,59.23,59.23,67
151,new york,us,2021-06-01T12:00:00-04:00,74.39,74.39,40
152,new york,us,2021-06-02T12:00:00-04:00,72.72,72.72,60
153,new york,us,2021-06-03T12:00:00-04:00,65.22,65.22,93
154,new york,us,2021-06-04T12:00:00-04:00,74.46,74.46,76
155,new york,us,2021-06-05T12:00:00-04:00,84.57,86.07,51
156,new york,us,2021-06-06T12:00:00-04:00,91.75,93.4,40
157,new york,us,2021-06-07T12:00:00-04:00,92.0,100.26,53
158,new york,us,2021-06-08T12:00:00-04:00,89.82,98.35,58
159,new york,us,2021-06-09T12:00:00-04:00,87.62,92.4,55
160,new york,us,2021-06-10T12:00:00-04:00,80.88,80.88,42
161,new york,us,2021-06-11T12:00:00-04:00,69.21,69.21,60
162,new york,us,2021-06-12T12:00:00-04:00,67.82,67.82,75
163,new york,us,2021-06-13T12:00:00-04:00,74.35,74.35,61
164,new york,us,2021-06-14T12:00:00-04:00,67.23,67.23,88
165,new york,us,2021-06-15T12:00:00-04:00,77.53,77.53,58
166,new york,us,2021-06-16T12:00:00-04:00,78.21,78.21,29
167,new york,us,2021-06-17T12:00:00-04:00,76.41,76.41,25
168,new york,us,2021-06-18T12:00:00-04:00,81.56,81.56,34
169,new york,us,2021-06-19T12:00:00-04:00,84.75,87.34,55
170,new york,us,2021-06-20T12:00:00-04:00,84.55,86.24,52
171,new york,us,2021-06-21T12:00:00-04:00,84.55,89.6,64
172,new york,us,2021-06-22T12:00:00-04:00,73.75,73.75,64
173,new york,us,2021-06-23T12:00:00-04:00,74.21,74.21,31
174,new york,us,2021-06-24T12:00:00-04:00,77.4,77.4,33
175,new york,us,2021-06-25T12:00:00-04:00,75.78,75.78,55
176,new york,us,2021-06-26T12:00:00-04:00,81.43,85.03,68
177,new york,us,2021-06-27T12:00:00-04:00,82.64,87.2,68
178,new york,us,2021-06-28T12:00:00-04:00,88.52,95.24,58
179,new york,us,2021-06-29T12:00:00-04:00,92.68,101.55,53
180,new york,us,2021-06-30T12:00:00-04:00,93.76,102.78,51
181,new york,us,2021-07-01T12:00:00-04:00,84.23,87.41,58
182,new york,us,2021-07-02T12:00:00-04:00,76.14,76.14,73
183,new york,us,2021-07-03T12:00:00-04:00,64.94,64.94,81
184,new york,us,2021-07-04T12:00:00-04:00,76.41,76.41,55
185,new york,us,2021-07-05T12:00:00-04:00,81.51,83.96,61
186,new york,us,2021-07-06T12:00:00-04:00,89.59,95.73,54
187,new york,us,2021-07-07T12:00:00-04:00,90.57,98.65,56
188,new york,us,2021-07-08T12:00:00-04:00,84.62,89.64,63
189,new york,us,2021-07-09T12:00:00-04:00,79.22,79.22,73
190,new york,us,2021-07-10T12:00:00-04:00,77.49,77.49,69
191,new york,us,2021-07-11T12:00:00-04:00,74.85,74.85,81
192,new york,us,2021-07-12T12:00:00-04:00,82.54,88.68,75
193,new york,us,2021-07-13T12:00:00-04:00,73.9,73.9,81
194,new york,us,2021-07-14T12:00:00-04:00,81.43,86.53,76
195,new york,us,2021-07-15T12:00:00-04:00,85.68,89.61,57
196,new york,us,2021-07-16T12:00:00-04:00,90.5,97.61,54
197,new york,us,2021-07-17T12:00:00-04:00,90.63,99.86,58
198,new york,us,2021-07-18T12:00:00-04:00,84.29,89.75,66
199,new york,us,2021-07-19T12:00:00-04:00,77.41,77.41,69
200,new york,us,2021-07-20T12:00:00-04:00,84.84,88.55,59
201,new york,us,2021-07-21T12:00:00-04:00,84.08,85.38,51
202,new york,us,2021-07-22T12:00:00-04:00,80.59,80.71,44
203,new york,us,2021-07-23T12:00:00-04:00,82.51,82.51,37
204,new york,us,2021-07-24T12:00:00-04:00,84.49,84.49,42
205,new york,us,2021-07-25T12:00:00-04:00,76.07,76.07,81
206,new york,us,2021-07-26T12:00:00-04:00,86.53,90.27,55
207,new york,us,2021-07-27T12:00:00-04:00,88.58,89.42,42
208,new york,us,2021-07-28T12:00:00-04:00,80.39,81.64,55
209,new york,us,2021-07-29T12:00:00-04:00,78.14,78.14,70
210,new york,us,2021-07-30T12:00:00-04:00,81.38,82.3,51
211,new york,us,2021-07-31T12:00:00-04:00,76.26,76.26,42
212,new york,us,2021-08-01T12:00:00-04:00,77.07,77.07,61
213,new york,us,2021-08-02T12:00:00-04:00,78.34,78.34,49
214,new york,us,2021-08-03T12:00:00-04:00,75.37,75.37,54
215,new york,us,2021-08-04T12:00:00-04:00,75.3,75.3,55
216,new york,us,2021-08-05T12:00:00-04:00,76.41,76.41,63
217,new york,us,2021-08-06T12:00:00-04:00,85.59,87.63,51
218,new york,us,2021-08-07T12:00:00-04:00,85.24,86.02,47
219,new york,us,2021-08-08T12:00:00-04:00,76.22,76.22,63
220,new york,us,2021-08-09T12:00:00-04:00,77.46,77.46,75
221,new york,us,2021-08-10T12:00:00-04:00,82.64,87.24,68
222,new york,us,2021-08-11T12:00:00-04:00,85.41,92.17,66
223,new york,us,2021-08-12T12:00:00-04:00,88.67,95.44,58
224,new york,us,2021-08-13T12:00:00-04:00,88.65,95.32,57
225,new york,us,2021-08-14T12:00:00-04:00,88.45,93.28,54
226,new york,us,2021-08-15T12:00:00-04:00,82.24,82.66,47
227,new york,us,2021-08-16T12:00:00-04:00,82.4,83.21,50
228,new york,us,2021-08-17T12:00:00-04:00,78.34,78.34,67
229,new york,us,2021-08-18T12:00:00-04:00,80.2,84.42,78
230,new york,us,2021-08-19T12:00:00-04:00,80.36,83.98,73
231,new york,us,2021-08-20T12:00:00-04:00,81.18,84.4,67
232,new york,us,2021-08-21T12:00:00-04:00,81.86,85.92,69
233,new york,us,2021-08-22T12:00:00-04:00,73.49,73.49,95
234,new york,us,2021-08-23T12:00:00-04:00,77.29,77.29,86
235,new york,us,2021-08-24T12:00:00-04:00,89.55,92.47,47
236,new york,us,2021-08-25T12:00:00-04:00,88.24,91.52,50
237,new york,us,2021-08-26T12:00:00-04:00,90.65,99.74,57
238,new york,us,2021-08-27T12:00:00-04:00,90.75,97.98,54
239,new york,us,2021-08-28T12:00:00-04:00,75.76,75.76,64
240,new york,us,2021-08-29T12:00:00-04:00,73.57,73.57,77
241,new york,us,2021-08-30T12:00:00-04:00,81.55,86.13,73
242,new york,us,2021-08-31T12:00:00-04:00,85.62,87.12,49
243,new york,us,2021-09-01T12:00:00-04:00,72.66,72.66,83
244,new york,us,2021-09-02T12:00:00-04:00,75.51,75.51,42
245,new york,us,2021-09-03T12:00:00-04:00,73.44,73.44,51
246,new york,us,2021-09-04T12:00:00-04:00,77.62,77.62,46
247,new york,us,2021-09-05T12:00:00-04:00,74.08,74.08,78
248,new york,us,2021-09-06T12:00:00-04:00,82.39,82.39,44
249,new york,us,2021-09-07T12:00:00-04:00,79.67,79.67,42
250,new york,us,2021-09-08T12:00:00-04:00,81.03,83.81,65
251,new york,us,2021-09-09T12:00:00-04:00,70.01,70.01,94
252,new york,us,2021-09-10T12:00:00-04:00,74.88,74.88,46
253,new york,us,2021-09-11T12:00:00-04:00,76.14,76.14,51
254,new york,us,2021-09-12T12:00:00-04:00,78.3,78.3,62
255,new york,us,2021-09-13T12:00:00-04:00,84.15,86.35,54
256,new york,us,2021-09-14T12:00:00-04:00,79.6,79.6,59
257,new york,us,2021-09-15T12:00:00-04:00,84.15,89.27,65
258,new york,us,2021-09-16T12:00:00-04:00,77.13,77.13,66
259,new york,us,2021-09-17T12:00:00-04:00,72.16,72.16,84
260,new york,us,2021-09-18T12:00:00-04:00,81.16,83.59,62
261,new york,us,2021-09-19T12:00:00-04:00,75.99,75.99,45
262,new york,us,2021-09-20T12:00:00-04:00,74.16,74.16,61
263,new york,us,2021-09-21T12:00:00-04:00,77.28,77.28,60
264,new york,us,2021-09-22T12:00:00-04:00,79.19,79.19,69
265,new york,us,2021-09-23T12:00:00-04:00,80.29,83.53,71
266,new york,us,2021-09-24T12:00:00-04:00,72.23,72.23,48
267,new york,us,2021-09-25T12:00:00-04:00,75.28,75.28,44
268,new york,us,2021-09-26T12:00:00-04:00,72.22,72.22,42
269,new york,us,2021-09-27T12:00:00-04:00,74.23,74.23,47
270,new york,us,2021-09-28T12:00:00-04:00,68.0,68.0,82
271,new york,us,2021-09-29T12:00:00-04:00,67.32,67.32,43
272,new york,us,2021-09-30T12:00:00-04:00,66.86,66.86,50
273,new york,us,2021-10-01T12:00:00-04:00,64.15,64.15,49
274,new york,us,2021-10-02T12:00:00-04:00,72.23,72.23,51
275,new york,us,2021-10-03T12:00:00-04:00,77.35,77.35,50
276,new york,us,2021-10-04T12:00:00-04:00,69.7,69.7,84
277,new york,us,2021-10-05T12:00:00-04:00,64.17,64.17,80
278,new york,us,2021-10-06T12:00:00-04:00,67.28,67.28,75
279,new york,us,2021-10-07T12:00:00-04:00,71.27,71.27,70
280,new york,us,2021-10-08T12:00:00-04:00,73.33,73.33,64
281,new york,us,2021-10-09T12:00:00-04:00,66.56,66.56,72
282,new york,us,2021-10-10T12:00:00-04:00,64.04,64.04,89
283,new york,us,2021-10-11T12:00:00-04:00,67.64,67.64,72
284,new york,us,2021-10-12T12:00:00-04:00,67.17,67.17,69
285,new york,us,2021-10-13T12:00:00-04:00,67.93,67.93,78
286,new york,us,2021-10-14T12:00:00-04:00,72.14,72.14,61
287,new york,us,2021-10-15T12:00:00-04:00,73.4,73.4,61
288,new york,us,2021-10-16T12:00:00-04:00,74.59,74.59,63
289,new york,us,2021-10-17T12:00:00-04:00,60.26,60.26,55
290,new york,us,2021-10-18T12:00:00-04:00,57.92,57.92,49
291,new york,us,2021-10-19T12:00:00-04:00,58.28,58.28,52
292,new york,us,2021-10-20T12:00:00-04:00,68.7,68.7,50
293,new york,us,2021-10-21T12:00:00-04:00,69.93,69.93,50
294,new york,us,2021-10-22T12:00:00-04:00,66.51,66.51,56
295,new york,us,2021-10-23T12:00:00-04:00,54.9,54.9,63
296,new york,us,2021-10-24T12:00:00-04:00,57.56,57.56,50
297,new york,us,2021-10-25T12:00:00-04:00,70.16,70.16,74
298,new york,us,2021-10-26T12:00:00-04:00,57.69,57.69,92
299,new york,us,2021-10-27T12:00:00-04:00,60.21,60.21,60
300,new york,us,2021-10-28T12:00:00-04:00,54.37,54.37,67
301,new york,us,2021-10-29T12:00:00-04:00,55.45,55.45,64
302,new york,us,2021-10-30T12:00:00-04:00,63.81,63.81,66
303,new york,us,2021-10-31T12:00:00-04:00,61.14,61.14,75
304,new york,us,2021-11-01T12:00:00-04:00,57.61,57.61,44
305,new york,us,2021-11-02T12:00:00-04:00,53.37,53.37,46
306,new york,us,2021-11-03T12:00:00-04:00,49.51,49.51,47
307,new york,us,2021-11-04T12:00:00-04:00,48.56,48.56,43
308,new york,us,2021-11-05T12:00:00-04:00,47.84,47.84,40
309,new york,us,2021-11-06T12:00:00-04:00,49.23,49.23,42
310,new york,us,2021-11-07T12:00:00-05:00,51.31,51.31,44
311,new york,us,2021-11-08T12:00:00-05:00,60.26,60.26,45
312,new york,us,2021-11-09T12:00:00-05:00,63.07,63.07,48
313,new york,us,2021-11-10T12:00:00-05:00,62.24,62.24,50
314,new york,us,2021-11-11T12:00:00-05:00,58.95,58.95,51
315,new york,us,2021-11-12T12:00:00-05:00,62.31,62.31,86
316,new york,us,2021-11-13T12:00:00-05:00,62.19,62.19,54
317,new york,us,2021-11-14T12:00:00-05:00,46.87,45.47,56
318,new york,us,2021-11-15T12:00:00-05:00,44.47,41.75,62
319,new york,us,2021-11-16T12:00:00-05:00,46.09,44.09,50
320,new york,us,2021-11-17T12:00:00-05:00,53.42,53.42,49
321,new york,us,2021-11-18T12:00:00-05:00,62.6,62.6,62
322,new york,us,2021-11-19T12:00:00-05:00,46.04,43.59,38
323,new york,us,2021-11-20T12:00:00-05:00,46.04,46.04,47
324,new york,us,2021-11-21T12:00:00-05:00,52.09,52.09,45
325,new york,us,2021-11-22T12:00:00-05:00,51.08,51.08,59
326,new york,us,2021-11-23T12:00:00-05:00,40.46,37.81,45
327,new york,us,2021-11-24T12:00:00-05:00,41.36,41.36,36
328,new york,us,2021-11-25T12:00:00-05:00,51.26,51.26,36
329,new york,us,2021-11-26T12:00:00-05:00,46.4,43.62,56
330,new york,us,2021-11-27T12:00:00-05:00,37.94,34.33,49
331,new york,us,2021-11-28T12:00:00-05:00,42.39,42.39,64
332,new york,us,2021-11-29T12:00:00-05:00,42.26,39.89,48
333,new york,us,2021-11-30T12:00:00-05:00,38.97,35.28,67
334,new york,us,2021-12-01T12:00:00-05:00,48.07,46.86,42
335,new york,us,2021-12-02T12:00:00-05:00,55.58,55.58,65
336,new york,us,2021-12-03T12:00:00-05:00,46.04,44.26,42
337,new york,us,2021-12-04T12:00:00-05:00,45.32,43.69,51
338,new york,us,2021-12-05T12:00:00-05:00,46.81,46.81,36
339,new york,us,2021-12-06T12:00:00-05:00,57.69,57.69,80
340,new york,us,2021-12-07T12:00:00-05:00,41.31,39.72,37
341,new york,us,2021-12-08T12:00:00-05:00,42.26,42.26,66
342,new york,us,2021-12-09T12:00:00-05:00,39.02,39.02,42
343,new york,us,2021-12-10T12:00:00-05:00,49.05,47.97,53
344,new york,us,2021-12-11T12:00:00-05:00,59.9,59.9,90
345,new york,us,2021-12-12T12:00:00-05:00,45.68,44.11,32
346,new york,us,2021-12-13T12:00:00-05:00,48.92,47.83,36
347,new york,us,2021-12-14T12:00:00-05:00,49.28,49.28,43
348,new york,us,2021-12-15T12:00:00-05:00,51.44,51.44,53
349,new york,us,2021-12-16T12:00:00-05:00,58.69,58.69,53
350,new york,us,2021-12-17T12:00:00-05:00,58.28,58.28,18
351,new york,us,2021-12-18T12:00:00-05:00,41.36,41.36,82
352,new york,us,2021-12-19T12:00:00-05:00,38.66,35.18,56
353,new york,us,2021-12-20T12:00:00-05:00,33.31,33.31,49
354,new york,us,2021-12-21T12:00:00-05:00,39.97,39.97,49
355,new york,us,2021-12-22T12:00:00-05:00,45.63,43.1,49
356,new york,us,2021-12-23T12:00:00-05:00,34.16,34.16,47
357,new york,us,2021-12-24T12:00:00-05:00,37.33,37.33,81
358,new york,us,2021-12-25T12:00:00-05:00,44.65,44.65,87
359,new york,us,2021-12-26T12:00:00-05:00,47.12,46.03,48
360,new york,us,2021-12-27T12:00:00-05:00,37.72,37.72,56
361,new york,us,2021-12-28T12:00:00-05:00,44.96,44.96,65
362,new york,us,2021-12-29T12:00:00-05:00,43.16,43.16,86
363,new york,us,2021-12-30T12:00:00-05:00,47.71,47.71,85
364,new york,us,2021-12-31T12:00:00-05:00,51.98,51.98,83
365,new york,us,2022-01-01T12:00:00-05:00,53.78,53.78,92
366,new york,us,2022-01-02T12:00:00-05:00,56.12,56.12,87
367,new york,us,2022-01-03T12:00:00-05:00,30.51,26.67,41
368,new york,us,2022-01-04T12:00:00-05:00,31.75,28.88,41
369,new york,us,2022-01-05T12:00:00-05:00,41.18,38.93,90
370,new york,us,2022-01-06T12:00:00-05:00,37.17,32.68,38
371,new york,us,2022-01-07T12:00:00-05:00,34.34,30.74,57
372,new york,us,2022-01-08T12:00:00-05:00,26.62,26.62,42
373,new york,us,2022-01-09T12:00:00-05:00,39.43,35.36,66
374,new york,us,2022-01-10T12:00:00-05:00,28.76,24.66,35
375,new york,us,2022-01-11T12:00:00-05:00,16.65,11.23,35
376,new york,us,2022-01-12T12:00:00-05:00,35.6,31.33,49
377,new york,us,2022-01-13T12:00:00-05:00,43.16,43.16,50
378,new york,us,2022-01-14T12:00:00-05:00,42.08,39.17,59
379,new york,us,2022-01-15T12:00:00-05:00,15.62,15.62,34
380,new york,us,2022-01-16T12:00:00-05:00,22.51,22.51,61
381,new york,us,2022-01-17T12:00:00-05:00,38.3,34.5,75
382,new york,us,2022-01-18T12:00:00-05:00,35.96,32.02,37
383,new york,us,2022-01-19T12:00:00-05:00,42.91,40.64,50
384,new york,us,2022-01-20T12:00:00-05:00,33.26,30.6,82
385,new york,us,2022-01-21T12:00:00-05:00,17.76,11.57,43
386,new york,us,2022-01-22T12:00:00-05:00,24.8,24.8,54
387,new york,us,2022-01-23T12:00:00-05:00,34.32,31.05,40
388,new york,us,2022-01-24T12:00:00-05:00,29.77,29.77,55
389,new york,us,2022-01-25T12:00:00-05:00,40.26,40.26,56
390,new york,us,2022-01-26T12:00:00-05:00,25.34,20.73,31
391,new york,us,2022-01-27T12:00:00-05:00,28.94,23.51,47
392,new york,us,2022-01-28T12:00:00-05:00,32.47,32.47,81
393,new york,us,2022-01-29T12:00:00-05:00,17.19,9.01,87
394,new york,us,2022-01-30T12:00:00-05:00,20.46,16.08,46
395,new york,us,2022-01-31T12:00:00-05:00,28.89,28.89,48
396,new york,us,2022-02-01T12:00:00-05:00,32.18,32.18,55
397,new york,us,2022-02-02T12:00:00-05:00,43.57,43.57,74
398,new york,us,2022-02-03T12:00:00-05:00,46.71,46.71,91
399,new york,us,2022-02-04T12:00:00-05:00,35.17,35.17,88
400,new york,us,2022-02-05T12:00:00-05:00,26.96,20.88,49
401,new york,us,2022-02-06T12:00:00-05:00,26.6,23.04,46
402,new york,us,2022-02-07T12:00:00-05:00,36.32,36.32,90
403,new york,us,2022-02-08T12:00:00-05:00,44.06,41.26,47
404,new york,us,2022-02-09T12:00:00-05:00,39.49,36.99,45
405,new york,us,2022-02-10T12:00:00-05:00,49.41,46.85,45
406,new york,us,2022-02-11T12:00:00-05:00,52.88,52.88,32
407,new york,us,2022-02-12T12:00:00-05:00,55.99,55.99,40
408,new york,us,2022-02-13T12:00:00-05:00,33.08,33.08,87
409,new york,us,2022-02-14T12:00:00-05:00,21.92,15.99,38
410,new york,us,2022-02-15T12:00:00-05:00,27.07,27.07,34
411,new york,us,2022-02-16T12:00:00-05:00,40.64,37.25,56
412,new york,us,2022-02-17T12:00:00-05:00,60.37,60.37,58
413,new york,us,2022-02-18T12:00:00-05:00,39.74,35.11,46
414,new york,us,2022-02-19T12:00:00-05:00,38.55,34.79,44
415,new york,us,2022-02-20T12:00:00-05:00,30.85,26.37,37
416,new york,us,2022-02-21T12:00:00-05:00,45.32,45.32,44
417,new york,us,2022-02-22T12:00:00-05:00,52.23,52.23,73
418,new york,us,2022-02-23T12:00:00-05:00,63.03,63.03,71
419,new york,us,2022-02-24T12:00:00-05:00,32.36,32.36,39
420,new york,us,2022-02-25T12:00:00-05:00,34.59,34.59,86
421,new york,us,2022-02-26T12:00:00-05:00,31.3,31.3,42
422,new york,us,2022-02-27T12:00:00-05:00,39.31,34.4,34
423,new york,us,2022-02-28T12:00:00-05:00,30.74,30.74,26
424,new york,us,2022-03-01T12:00:00-05:00,42.08,38.94,53
425,new york,us,2022-03-02T12:00:00-05:00,45.93,45.93,44
426,new york,us,2022-03-03T12:00:00-05:00,39.02,36.45,35
427,new york,us,2022-03-04T12:00:00-05:00,30.99,27.23,35
428,new york,us,2022-03-05T12:00:00-05:00,41.79,39.09,35
429,new york,us,2022-03-06T12:00:00-05:00,54.68,54.68,87
430,new york,us,2022-03-07T12:00:00-05:00,69.98,69.98,55
431,new york,us,2022-03-08T12:00:00-05:00,44.11,42.04,34
432,new york,us,2022-03-09T12:00:00-05:00,35.96,33.28,91
433,new york,us,2022-03-10T12:00:00-05:00,43.52,43.52,66
434,new york,us,2022-03-11T12:00:00-05:00,49.35,48.85,48
435,new york,us,2022-03-12T12:00:00-05:00,32.79,27.5,92
436,new york,us,2022-03-13T12:00:00-04:00,28.99,23.0,42
437,new york,us,2022-03-14T12:00:00-04:00,47.59,45.4,38
438,new york,us,2022-03-15T12:00:00-04:00,55.51,55.51,41
439,new york,us,2022-03-16T12:00:00-04:00,58.77,58.77,48
440,new york,us,2022-03-17T12:00:00-04:00,50.05,50.05,90
441,new york,us,2022-03-18T12:00:00-04:00,60.17,60.17,72
442,new york,us,2022-03-19T12:00:00-04:00,61.34,61.34,73
443,new york,us,2022-03-20T12:00:00-04:00,56.79,56.79,50
444,new york,us,2022-03-21T12:00:00-04:00,53.19,53.19,34
445,new york,us,2022-03-22T12:00:00-04:00,50.13,50.13,23
446,new york,us,2022-03-23T12:00:00-04:00,45.86,45.86,34
447,new york,us,2022-03-24T12:00:00-04:00,42.98,41.0,92
448,new york,us,2022-03-25T12:00:00-04:00,55.27,55.27,60
449,new york,us,2022-03-26T12:00:00-04:00,47.48,45.7,68
450,new york,us,2022-03-27T12:00:00-04:00,42.19,38.63,48
451,new york,us,2022-03-28T12:00:00-04:00,30.69,25.27,25
452,new york,us,2022-03-29T12:00:00-04:00,33.44,29.38,36
453,new york,us,2022-03-30T12:00:00-04:00,41.23,39.64,31
454,new york,us,2022-03-31T12:00:00-04:00,64.4,64.4,72
455,new york,us,2022-04-01T12:00:00-04:00,53.78,53.78,50
456,new york,us,2022-04-02T12:00:00-04:00,45.07,43.99,38
457,new york,us,2022-04-03T12:00:00-04:00,45.5,43.9,77
458,new york,us,2022-04-04T12:00:00-04:00,49.28,48.49,40
459,new york,us,2022-04-05T12:00:00-04:00,53.35,53.35,37
460,new york,us,2022-04-06T12:00:00-04:00,49.84,48.44,88
461,new york,us,2022-04-07T12:00:00-04:00,48.43,46.81,89
462,new york,us,2022-04-08T12:00:00-04:00,56.75,56.75,53
463,new york,us,2022-04-09T12:00:00-04:00,49.55,46.44,69
464,new york,us,2022-04-10T12:00:00-04:00,47.39,45.17,40
465,new york,us,2022-04-11T12:00:00-04:00,51.89,51.89,36
466,new york,us,2022-04-12T12:00:00-04:00,60.35,60.35,66
467,new york,us,2022-04-13T12:00:00-04:00,67.26,67.26,48
468,new york,us,2022-04-14T12:00:00-04:00,79.32,79.32,44
469,new york,us,2022-04-15T12:00:00-04:00,62.71,62.71,15
470,new york,us,2022-04-16T12:00:00-04:00,64.67,64.67,38
471,new york,us,2022-04-17T12:00:00-04:00,48.45,46.83,34
472,new york,us,2022-04-18T12:00:00-04:00,53.19,53.19,32
473,new york,us,2022-04-19T12:00:00-04:00,45.37,41.54,54
474,new york,us,2022-04-20T12:00:00-04:00,52.41,52.41,32
475,new york,us,2022-04-21T12:00:00-04:00,57.07,57.07,39
476,new york,us,2022-04-22T12:00:00-04:00,64.67,64.67,29
477,new york,us,2022-04-23T12:00:00-04:00,58.23,58.23,35
478,new york,us,2022-04-24T12:00:00-04:00,60.28,60.28,35
479,new york,us,2022-04-25T12:00:00-04:00,58.08,58.08,21
480,new york,us,2022-04-26T12:00:00-04:00,55.31,55.31,81
481,new york,us,2022-04-27T12:00:00-04:00,53.53,53.53,34
482,new york,us,2022-04-28T12:00:00-04:00,49.3,44.78,27
483,new york,us,2022-04-29T12:00:00-04:00,56.17,56.17,13
484,new york,us,2022-04-30T12:00:00-04:00,60.42,60.42,19
485,new york,us,2022-05-01T12:00:00-04:00,60.54,60.54,39
486,new york,us,2022-05-02T12:00:00-04:00,55.85,55.85,93
487,new york,us,2022-05-03T12:00:00-04:00,62.31,62.31,62
488,new york,us,2022-05-04T12:00:00-04:00,55.11,55.11,88
489,new york,us,2022-05-05T12:00:00-04:00,66.34,66.34,48
490,new york,us,2022-05-06T12:00:00-04:00,59.63,59.63,84
491,new york,us,2022-05-07T12:00:00-04:00,48.42,46.0,91
492,new york,us,2022-05-08T12:00:00-04:00,53.69,53.69,43
493,new york,us,2022-05-09T12:00:00-04:00,61.97,61.97,22
494,new york,us,2022-05-10T12:00:00-04:00,67.12,67.12,23
495,new york,us,2022-05-11T12:00:00-04:00,64.35,64.35,40
496,new york,us,2022-05-12T12:00:00-04:00,67.44,67.44,69
497,new york,us,2022-05-13T12:00:00-04:00,64.29,64.29,85
498,new york,us,2022-05-14T12:00:00-04:00,66.99,66.99,84
499,new york,us,2022-05-15T12:00:00-04:00,68.7,68.7,83
500,new york,us,2022-05-16T12:00:00-04:00,73.11,73.11,73
501,new york,us,2022-05-17T12:00:00-04:00,71.94,71.94,38
502,new york,us,2022-05-18T12:00:00-04:00,65.25,65.25,36
503,new york,us,2022-05-19T12:00:00-04:00,56.71,56.71,86
504,new york,us,2022-05-20T12:00:00-04:00,70.27,70.27,66
505,new york,us,2022-05-21T12:00:00-04:00,80.62,83.34,66
506,new york,us,2022-05-22T12:00:00-04:00,83.86,85.12,51
507,new york,us,2022-05-23T12:00:00-04:00,69.55,69.55,36
508,new york,us,2022-05-24T12:00:00-04:00,65.08,65.08,58
509,new york,us,2022-05-25T12:00:00-04:00,63.34,63.34,60
510,new york,us,2022-05-26T12:00:00-04:00,65.57,65.57,63
511,new york,us,2022-05-27T12:00:00-04:00,75.85,75.85,69
512,new york,us,2022-05-28T12:00:00-04:00,73.33,73.33,73
513,new york,us,2022-05-29T12:00:00-04:00,71.02,71.02,55
514,new york,us,2022-05-30T12:00:00-04:00,79.86,79.86,52
515,new york,us,2022-05-31T12:00:00-04:00,91.15,91.23,37
516,new york,us,2022-06-01T12:00:00-04:00,71.29,71.29,62
517,new york,us,2022-06-02T12:00:00-04:00,73.87,73.87,75
518,new york,us,2022-06-03T12:00:00-04:00,68.5,68.5,82
519,new york,us,2022-06-04T12:00:00-04:00,74.95,74.95,41
520,new york,us,2022-06-05T12:00:00-04:00,72.39,72.39,31
521,new york,us,2022-06-06T12:00:00-04:00,75.9,75.9,33
522,new york,us,2022-06-07T12:00:00-04:00,75.63,75.63,59
523,new york,us,2022-06-08T12:00:00-04:00,79.21,79.21,54
524,new york,us,2022-06-09T12:00:00-04:00,79.75,79.75,54
525,new york,us,2022-06-10T12:00:00-04:00,73.83,73.83,40
526,new york,us,2022-06-11T12:00:00-04:00,73.81,73.81,49
527,new york,us,2022-06-12T12:00:00-04:00,66.36,66.36,88
528,new york,us,2022-06-13T12:00:00-04:00,80.01,82.34,65
529,new york,us,2022-06-14T12:00:00-04:00,74.37,74.37,49
530,new york,us,2022-06-15T12:00:00-04:00,74.77,74.77,56
531,new york,us,2022-06-16T12:00:00-04:00,69.55,69.55,75
532,new york,us,2022-06-17T12:00:00-04:00,83.86,87.11,59
533,new york,us,2022-06-18T12:00:00-04:00,66.52,66.52,48
534,new york,us,2022-06-19T12:00:00-04:00,66.2,66.2,36
535,new york,us,2022-06-20T12:00:00-04:00,74.55,74.55,33
536,new york,us,2022-06-21T12:00:00-04:00,73.8,73.8,50
537,new york,us,2022-06-22T12:00:00-04:00,66.25,66.25,79
538,new york,us,2022-06-23T12:00:00-04:00,72.28,72.28,58
539,new york,us,2022-06-24T12:00:00-04:00,73.49,73.49,67
540,new york,us,2022-06-25T12:00:00-04:00,87.94,87.94,36
541,new york,us,2022-06-26T12:00:00-04:00,84.54,86.15,51
542,new york,us,2022-06-27T12:00:00-04:00,76.87,76.87,76
543,new york,us,2022-06-28T12:00:00-04:00,75.96,75.96,41
544,new york,us,2022-06-29T12:00:00-04:00,83.46,83.46,35
545,new york,us,2022-06-30T12:00:00-04:00,85.1,85.1,36
546,new york,us,2022-07-01T12:00:00-04:00,85.01,89.56,61
547,new york,us,2022-07-02T12:00:00-04:00,84.34,87.01,56
548,new york,us,2022-07-03T12:00:00-04:00,82.83,82.83,39
549,new york,us,2022-07-04T12:00:00-04:00,83.48,83.48,30
550,new york,us,2022-07-05T12:00:00-04:00,84.76,84.76,43
551,new york,us,2022-07-06T12:00:00-04:00,83.68,84.37,48
552,new york,us,2022-07-07T12:00:00-04:00,79.95,79.95,49
553,new york,us,2022-07-08T12:00:00-04:00,77.9,77.9,67
554,new york,us,2022-07-09T12:00:00-04:00,80.65,81.46,51
555,new york,us,2022-07-10T12:00:00-04:00,78.62,78.62,41
556,new york,us,2022-07-11T12:00:00-04:00,78.28,78.28,48
557,new york,us,2022-07-12T12:00:00-04:00,82.35,84.72,59
558,new york,us,2022-07-13T12:00:00-04:00,86.22,86.22,35
559,new york,us,2022-07-14T12:00:00-04:00,82.69,84.57,56
560,new york,us,2022-07-15T12:00:00-04:00,82.26,82.26,39
561,new york,us,2022-07-16T12:00:00-04:00,82.74,85.75,61
562,new york,us,2022-07-17T12:00:00-04:00,80.19,82.73,66
563,new york,us,2022-07-18T12:00:00-04:00,81.79,87.69,78
564,new york,us,2022-07-19T12:00:00-04:00,86.27,86.93,45
565,new york,us,2022-07-20T12:00:00-04:00,90.28,94.21,48
566,new york,us,2022-07-21T12:00:00-04:00,90.57,100.46,59
567,new york,us,2022-07-22T12:00:00-04:00,91.56,91.56,33
568,new york,us,2022-07-23T12:00:00-04:00,91.81,92.75,38
569,new york,us,2022-07-24T12:00:00-04:00,91.24,91.24,36
570,new york,us,2022-07-25T12:00:00-04:00,86.4,92.76,62
571,new york,us,2022-07-26T12:00:00-04:00,78.33,78.33,46
572,new york,us,2022-07-27T12:00:00-04:00,79.77,79.77,50
573,new york,us,2022-07-28T12:00:00-04:00,81.95,87.3,74
574,new york,us,2022-07-29T12:00:00-04:00,83.23,85.44,56
575,new york,us,2022-07-30T12:00:00-04:00,83.89,83.89,38
576,new york,us,2022-07-31T12:00:00-04:00,79.99,79.99,53
577,new york,us,2022-08-01T12:00:00-04:00,70.03,70.03,90
578,new york,us,2022-08-02T12:00:00-04:00,84.96,88.8,59
579,new york,us,2022-08-03T12:00:00-04:00,84.56,85.45,48
580,new york,us,2022-08-04T12:00:00-04:00,88.63,93.09,52
581,new york,us,2022-08-05T12:00:00-04:00,80.91,84.01,67
582,new york,us,2022-08-06T12:00:00-04:00,84.61,89.99,65
583,new york,us,2022-08-07T12:00:00-04:00,86.7,93.95,64
584,new york,us,2022-08-08T12:00:00-04:00,87.84,95.55,62
585,new york,us,2022-08-09T12:00:00-04:00,92.16,99.55,51
586,new york,us,2022-08-10T12:00:00-04:00,83.86,84.84,49
587,new york,us,2022-08-11T12:00:00-04:00,81.32,82.67,55
588,new york,us,2022-08-12T12:00:00-04:00,80.38,80.38,37
589,new york,us,2022-08-13T12:00:00-04:00,75.25,75.25,43
590,new york,us,2022-08-14T12:00:00-04:00,78.51,78.51,38
591,new york,us,2022-08-15T12:00:00-04:00,76.93,76.93,50
592,new york,us,2022-08-16T12:00:00-04:00,78.58,78.58,46
593,new york,us,2022-08-17T12:00:00-04:00,75.07,75.07,49
594,new york,us,2022-08-18T12:00:00-04:00,81.93,81.93,39
595,new york,us,2022-08-19T12:00:00-04:00,84.76,84.76,39
596,new york,us,2022-08-20T12:00:00-04:00,83.75,86.03,56
597,new york,us,2022-08-21T12:00:00-04:00,80.62,82.87,62
598,new york,us,2022-08-22T12:00:00-04:00,74.16,74.16,92
599,new york,us,2022-08-23T12:00:00-04:00,79.68,79.68,69
600,new york,us,2022-08-24T12:00:00-04:00,84.03,85.04,49
601,new york,us,2022-08-25T12:00:00-04:00,86.05,86.05,39
602,new york,us,2022-08-26T12:00:00-04:00,83.86,88.1,63
603,new york,us,2022-08-27T12:00:00-04:00,84.7,85.91,49
604,new york,us,2022-08-28T12:00:00-04:00,78.94,78.94,68
605,new york,us,2022-08-29T12:00:00-04:00,81.54,85.14,68
606,new york,us,2022-08-30T12:00:00-04:00,82.81,87.01,66
607,new york,us,2022-08-31T12:00:00-04:00,78.55,78.55,56
608,new york,us,2022-09-01T12:00:00-04:00,79.2,79.2,39
609,new york,us,2022-09-02T12:00:00-04:00,73.27,73.27,52
610,new york,us,2022-09-03T12:00:00-04:00,76.21,76.21,59
611,new york,us,2022-09-04T12:00:00-04:00,80.31,82.48,62
612,new york,us,2022-09-05T12:00:00-04:00,79.61,79.61,74
613,new york,us,2022-09-06T12:00:00-04:00,71.46,71.46,93
614,new york,us,2022-09-07T12:00:00-04:00,69.57,69.57,77
615,new york,us,2022-09-08T12:00:00-04:00,73.89,73.89,58
616,new york,us,2022-09-09T12:00:00-04:00,74.77,74.77,45
617,new york,us,2022-09-10T12:00:00-04:00,77.0,77.0,42
618,new york,us,2022-09-11T12:00:00-04:00,73.09,73.09,74
619,new york,us,2022-09-12T12:00:00-04:00,73.74,73.74,79
620,new york,us,2022-09-13T12:00:00-04:00,77.76,77.76,78
621,new york,us,2022-09-14T12:00:00-04:00,72.39,72.39,54
622,new york,us,2022-09-15T12:00:00-04:00,67.78,67.78,48
623,new york,us,2022-09-16T12:00:00-04:00,67.26,67.26,39
624,new york,us,2022-09-17T12:00:00-04:00,70.48,70.48,54
625,new york,us,2022-09-18T12:00:00-04:00,76.08,76.08,61
626,new york,us,2022-09-19T12:00:00-04:00,80.35,81.56,54
627,new york,us,2022-09-20T12:00:00-04:00,73.72,73.72,57
628,new york,us,2022-09-21T12:00:00-04:00,71.67,71.67,59
629,new york,us,2022-09-22T12:00:00-04:00,72.84,72.84,82
630,new york,us,2022-09-23T12:00:00-04:00,57.63,57.63,45
631,new york,us,2022-09-24T12:00:00-04:00,61.41,61.41,43
632,new york,us,2022-09-25T12:00:00-04:00,67.73,67.73,63
633,new york,us,2022-09-26T12:00:00-04:00,68.63,68.63,58
634,new york,us,2022-09-27T12:00:00-04:00,65.7,65.7,49
635,new york,us,2022-09-28T12:00:00-04:00,63.86,63.86,55
636,new york,us,2022-09-29T12:00:00-04:00,61.63,61.63,55
637,new york,us,2022-09-30T12:00:00-04:00,58.89,58.89,60
638,new york,us,2022-10-01T12:00:00-04:00,55.08,55.08,94
639,new york,us,2022-10-02T12:00:00-04:00,56.44,56.44,84
640,new york,us,2022-10-03T12:00:00-04:00,52.79,52.79,58
641,new york,us,2022-10-04T12:00:00-04:00,52.72,52.72,88
642,new york,us,2022-10-05T12:00:00-04:00,57.43,57.43,89
643,new york,us,2022-10-06T12:00:00-04:00,65.1,65.1,52
644,new york,us,2022-10-07T12:00:00-04:00,69.78,69.78,53
645,new york,us,2022-10-08T12:00:00-04:00,55.2,55.2,51
646,new york,us,2022-10-09T12:00:00-04:00,56.61,56.61,47
647,new york,us,2022-10-10T12:00:00-04:00,60.51,60.51,48
648,new york,us,2022-10-11T12:00:00-04:00,62.53,62.53,54
649,new york,us,2022-10-12T12:00:00-04:00,65.3,65.3,50
650,new york,us,2022-10-13T12:00:00-04:00,70.02,70.02,71
651,new york,us,2022-10-14T12:00:00-04:00,58.93,58.93,71
652,new york,us,2022-10-15T12:00:00-04:00,64.4,64.4,54
653,new york,us,2022-10-16T12:00:00-04:00,59.32,59.32,60
654,new york,us,2022-10-17T12:00:00-04:00,63.37,63.37,71
655,new york,us,2022-10-18T12:00:00-04:00,51.35,51.35,48
656,new york,us,2022-10-19T12:00:00-04:00,50.72,50.72,45
657,new york,us,2022-10-20T12:00:00-04:00,54.23,54.23,41
658,new york,us,2022-10-21T12:00:00-04:00,57.99,57.99,46
659,new york,us,2022-10-22T12:00:00-04:00,61.5,61.5,48
660,new york,us,2022-10-23T12:00:00-04:00,59.97,59.97,61
661,new york,us,2022-10-24T12:00:00-04:00,57.16,57.16,92
662,new york,us,2022-10-25T12:00:00-04:00,67.96,67.96,96
663,new york,us,2022-10-26T12:00:00-04:00,66.56,66.56,90
664,new york,us,2022-10-27T12:00:00-04:00,60.71,60.71,50
665,new york,us,2022-10-28T12:00:00-04:00,51.82,51.82,51
666,new york,us,2022-10-29T12:00:00-04:00,53.2,53.2,54
667,new york,us,2022-10-30T12:00:00-04:00,57.07,57.07,48
668,new york,us,2022-10-31T12:00:00-04:00,60.42,60.42,68
669,new york,us,2022-11-01T12:00:00-04:00,63.61,63.61,85
670,new york,us,2022-11-02T12:00:00-04:00,63.9,63.9,53
671,new york,us,2022-11-03T12:00:00-04:00,63.54,63.54,61
672,new york,us,2022-11-04T12:00:00-04:00,63.07,63.07,79
673,new york,us,2022-11-05T12:00:00-04:00,72.46,72.46,68
674,new york,us,2022-11-06T12:00:00-05:00,74.34,74.34,66
675,new york,us,2022-11-07T12:00:00-05:00,75.51,75.51,44
676,new york,us,2022-11-08T12:00:00-05:00,54.45,54.45,33
677,new york,us,2022-11-09T12:00:00-05:00,51.24,51.24,41
678,new york,us,2022-11-10T12:00:00-05:00,60.48,60.48,58
679,new york,us,2022-11-11T12:00:00-05:00,67.1,67.1,85
680,new york,us,2022-11-12T12:00:00-05:00,67.62,67.62,54
681,new york,us,2022-11-13T12:00:00-05:00,51.06,51.06,54
682,new york,us,2022-11-14T12:00:00-05:00,43.07,43.07,45
683,new york,us,2022-11-15T12:00:00-05:00,43.88,43.88,51
684,new york,us,2022-11-16T12:00:00-05:00,47.86,45.92,67
685,new york,us,2022-11-17T12:00:00-05:00,43.88,41.05,46
686,new york,us,2022-11-18T12:00:00-05:00,40.87,36.66,39
687,new york,us,2022-11-19T12:00:00-05:00,36.81,32.74,40
688,new york,us,2022-11-20T12:00:00-05:00,34.93,30.03,28
689,new york,us,2022-11-21T12:00:00-05:00,37.65,34.88,38
690,new york,us,2022-11-22T12:00:00-05:00,48.67,48.67,37
691,new york,us,2022-11-23T12:00:00-05:00,52.47,52.47,35
692,new york,us,2022-11-24T12:00:00-05:00,50.94,50.94,53
693,new york,us,2022-11-25T12:00:00-05:00,49.78,47.63,84
694,new york,us,2022-11-26T12:00:00-05:00,50.57,50.57,40
695,new york,us,2022-11-27T12:00:00-05:00,53.33,53.33,60
696,new york,us,2022-11-28T12:00:00-05:00,52.18,52.18,51
697,new york,us,2022-11-29T12:00:00-05:00,43.41,43.41,55
698,new york,us,2022-11-30T12:00:00-05:00,56.23,56.23,87
699,new york,us,2022-12-01T12:00:00-05:00,40.48,37.06,39
700,new york,us,2022-12-02T12:00:00-05:00,39.97,37.31,49
701,new york,us,2022-12-03T12:00:00-05:00,55.99,55.99,91
702,new york,us,2022-12-04T12:00:00-05:00,43.77,43.77,39
703,new york,us,2022-12-05T12:00:00-05:00,44.8,42.58,33
704,new york,us,2022-12-06T12:00:00-05:00,58.71,58.71,77
705,new york,us,2022-12-07T12:00:00-05:00,58.19,58.19,94
706,new york,us,2022-12-08T12:00:00-05:00,53.29,53.29,49
707,new york,us,2022-12-09T12:00:00-05:00,41.45,39.88,48
708,new york,us,2022-12-10T12:00:00-05:00,37.24,37.24,59
709,new york,us,2022-12-11T12:00:00-05:00,40.24,40.24,74
710,new york,us,2022-12-12T12:00:00-05:00,37.04,37.04,73
711,new york,us,2022-12-13T12:00:00-05:00,33.51,33.51,51
712,new york,us,2022-12-14T12:00:00-05:00,36.7,36.7,38
713,new york,us,2022-12-15T12:00:00-05:00,39.65,39.65,73
714,new york,us,2022-12-16T12:00:00-05:00,44.89,42.69,91
715,new york,us,2022-12-17T12:00:00-05:00,43.66,42.08,53
716,new york,us,2022-12-18T12:00:00-05:00,37.98,34.94,47
717,new york,us,2022-12-19T12:00:00-05:00,36.77,33.25,46
718,new york,us,2022-12-20T12:00:00-05:00,36.54,34.31,47
719,new york,us,2022-12-21T12:00:00-05:00,35.87,35.87,57
720,new york,us,2022-12-22T12:00:00-05:00,42.22,40.76,81
721,new york,us,2022-12-23T12:00:00-05:00,48.76,47.18,84
722,new york,us,2022-12-24T12:00:00-05:00,11.48,0.34,45
723,new york,us,2022-12-25T12:00:00-05:00,24.66,17.29,48
724,new york,us,2022-12-26T12:00:00-05:00,25.95,25.95,46
725,new york,us,2022-12-27T12:00:00-05:00,32.56,29.8,46
726,new york,us,2022-12-28T12:00:00-05:00,40.87,38.02,50
727,new york,us,2022-12-29T12:00:00-05:00,44.24,43.05,52
728,new york,us,2022-12-30T12:00:00-05:00,51.44,51.44,52
729,new york,us,2022-12-31T12:00:00-05:00,52.59,52.59,90
